date,latitude,longitude,rainfall_1h,rainfall_3h,rainfall_24h,soil_moisture,temperature,humidity,elevation,slope,aspect,land_cover,historical_landslide_density,landslide
2023-01-01 00:00:00,27.80467,95.01651,21.78,76.96,317.5,74.31,22.46,70.15,351.52,43.5,208.12,Forest,0.3284,1
2023-01-01 12:00:00,25.29159,91.01296,14.74,24.35,144.12,66.24,26.1,89.01,1295.06,20.58,178.79,Forest,0.2694,0
2023-01-02 00:00:00,28.43948,96.45518,13.03,75.71,200.39,58.41,23.37,84.77,1188.77,41.02,245.82,Agriculture,0.2935,1
2023-01-02 12:00:00,27.23026,93.64139,10.27,21.55,43.38,51.43,22.05,62.61,1057.94,12.47,85.38,Agriculture,0.3174,0
2023-01-03 00:00:00,22.70633,89.19725,50.35,72.76,149.61,46.15,24.69,80.3,1384.96,12.03,22.94,Forest,0.2127,1
2023-01-03 12:00:00,29.31717,89.36533,30.59,41.94,213.22,76.22,20.79,78.91,1202.9,34.03,307.84,Forest,0.2096,1
2023-01-04 00:00:00,27.70855,94.58441,38.66,59.03,153.73,39.22,24.26,65.02,80.0,6.94,218.61,Agriculture,0.1424,1
2023-01-04 12:00:00,27.89548,89.64297,7.31,21.31,37.35,69.12,24.02,83.47,889.64,31.87,59.36,Forest,0.3707,1
2023-01-05 00:00:00,22.96085,92.81928,30.69,116.71,192.4,99.0,26.01,82.0,1376.32,26.22,107.3,Forest,0.4563,1
2023-01-05 12:00:00,25.37789,97.42186,2.36,37.71,151.65,87.99,19.9,78.38,2166.18,37.86,356.38,Agriculture,0.5536,1
2023-01-06 00:00:00,24.78099,88.03807,67.0,96.58,166.13,35.94,26.55,75.84,2196.2,24.29,228.39,Agriculture,0.6448,1
2023-01-06 12:00:00,28.95074,88.15751,44.69,136.32,170.9,52.63,18.47,76.37,213.95,25.67,229.0,Shrubland,0.2192,1
2023-01-07 00:00:00,26.82899,97.4343,27.31,115.76,251.44,69.71,20.14,73.34,872.68,31.11,25.98,Shrubland,0.1517,1
2023-01-07 12:00:00,28.17071,93.55407,1.84,33.4,86.27,56.82,20.36,79.8,82.03,17.05,348.84,Forest,0.5793,1
2023-01-08 00:00:00,25.32561,89.20564,12.44,65.33,166.66,31.5,17.64,67.56,2087.93,16.53,321.4,Forest,0.4914,1
2023-01-08 12:00:00,23.70429,96.52437,7.94,34.3,108.47,66.66,28.08,100.0,1758.36,30.69,197.2,Agriculture,0.4235,1
2023-01-09 00:00:00,26.15939,96.36361,26.14,65.85,117.09,60.94,18.15,58.32,1327.88,24.65,111.38,Agriculture,0.5558,1
2023-01-09 12:00:00,22.47863,93.0939,39.67,56.23,314.69,99.0,19.51,71.76,1207.96,20.11,251.3,Forest,0.2879,1
2023-01-10 00:00:00,28.20723,93.90702,38.09,96.69,143.28,57.51,29.28,70.79,1997.41,24.01,300.01,Forest,0.3222,1
2023-01-10 12:00:00,26.73748,90.59528,83.63,177.72,256.69,91.4,20.15,100.0,1887.36,44.13,283.0,Forest,0.6379,1
2023-01-11 00:00:00,27.68566,88.47994,28.74,111.83,185.82,36.11,22.06,58.32,1852.73,19.68,351.74,Forest,0.2213,0
2023-01-11 12:00:00,24.65894,93.64839,70.02,114.51,200.13,45.84,17.94,83.26,1396.84,19.34,229.27,Forest,0.4629,1
2023-01-12 00:00:00,29.28024,90.80017,23.31,29.3,275.23,75.23,27.16,82.24,873.0,4.51,115.64,Forest,0.8383,0
2023-01-12 12:00:00,28.69841,94.3044,43.42,68.76,182.8,84.89,27.23,83.91,1598.63,24.49,179.25,Agriculture,0.3568,1
2023-01-13 00:00:00,27.83788,95.94433,25.22,64.89,115.72,41.88,26.69,94.4,1630.43,32.88,293.87,Forest,0.4944,1
2023-01-13 12:00:00,23.45979,88.17253,37.21,49.45,246.34,62.95,25.69,95.17,976.09,35.03,95.52,Agriculture,0.293,1
2023-01-14 00:00:00,25.50041,93.65928,29.02,39.19,167.41,33.85,23.37,70.38,871.69,26.3,83.31,Shrubland,0.3805,1
2023-01-14 12:00:00,22.32853,90.19717,16.84,128.7,180.36,56.4,20.38,80.54,1836.65,36.47,260.94,Agriculture,0.3764,1
2023-01-15 00:00:00,23.15717,96.30194,38.18,114.69,291.73,79.32,18.93,52.87,2181.68,33.77,159.99,Built-up,0.1881,1
2023-01-15 12:00:00,27.12287,90.40981,45.52,107.4,128.99,54.76,29.45,79.13,612.89,38.36,293.97,Forest,0.431,1
2023-01-16 00:00:00,27.58572,93.80232,51.41,121.88,149.78,59.19,26.82,66.84,928.81,36.81,51.73,Forest,0.3921,1
2023-01-16 12:00:00,29.25632,93.25864,34.7,49.15,64.03,39.57,19.53,74.37,1328.11,43.84,120.85,Agriculture,0.1401,1
2023-01-17 00:00:00,24.44369,91.76358,1.84,21.61,29.89,45.25,23.2,53.67,1416.29,22.96,96.52,Forest,0.6498,1
2023-01-17 12:00:00,24.77845,94.4374,39.59,90.16,258.74,97.91,21.5,85.56,760.46,9.08,251.23,Forest,0.1106,1
2023-01-18 00:00:00,25.52167,94.89481,9.64,63.16,149.59,60.62,17.36,54.28,2324.29,32.96,273.36,Forest,0.2789,1
2023-01-18 12:00:00,23.42104,93.38591,33.52,45.04,61.52,41.98,23.89,79.17,1374.36,34.37,164.16,Agriculture,0.3522,1
2023-01-19 00:00:00,22.97441,95.20501,37.07,85.03,157.54,56.15,20.92,60.64,1445.4,43.84,172.09,Forest,0.3976,1
2023-01-19 12:00:00,25.56779,97.34246,4.84,45.08,185.66,26.63,18.24,64.44,2243.27,40.38,47.53,Shrubland,0.0809,1
2023-01-20 00:00:00,23.70182,91.98309,30.19,111.47,151.26,41.34,15.6,93.23,808.11,48.35,252.66,Forest,0.2189,1
2023-01-20 12:00:00,27.0236,92.88854,7.16,60.86,118.7,86.07,15.18,87.53,1042.52,32.44,357.23,Agriculture,0.4292,1
2023-01-21 00:00:00,25.27864,88.11846,1.6,122.06,388.57,55.34,21.14,93.86,285.34,27.75,280.05,Forest,0.3681,1
2023-01-21 12:00:00,28.24509,95.56227,6.97,38.67,100.84,96.65,22.57,100.0,987.97,8.38,80.32,Agriculture,0.4033,1
2023-01-22 00:00:00,27.25199,92.94219,27.32,42.74,60.74,59.37,18.62,67.15,132.2,28.7,224.32,Agriculture,0.7663,1
2023-01-22 12:00:00,24.34275,91.87563,26.04,144.38,192.66,60.4,26.25,99.01,1586.1,18.37,106.18,Forest,0.3997,1
2023-01-23 00:00:00,28.24195,88.89368,19.7,75.47,90.71,73.18,22.67,58.14,1373.0,27.54,10.86,Forest,0.3089,1
2023-01-23 12:00:00,28.03573,96.45174,44.27,84.69,205.44,9.86,25.88,85.94,919.9,25.65,64.74,Agriculture,0.2911,0
2023-01-24 00:00:00,24.90609,91.75257,24.83,45.27,80.22,65.08,22.09,71.35,1034.72,30.66,36.93,Agriculture,0.3104,1
2023-01-24 12:00:00,24.16246,94.48453,39.96,71.96,105.91,61.82,19.06,65.07,1594.95,23.83,70.54,Forest,0.4638,1
2023-01-25 00:00:00,27.11872,89.41905,51.08,81.72,364.28,93.85,23.57,88.3,361.73,36.22,286.42,Forest,0.3978,1
2023-01-25 12:00:00,23.04814,97.13472,126.68,141.45,166.45,92.49,16.69,92.85,1232.71,2.0,105.42,Forest,0.7958,1
2023-01-26 00:00:00,23.49931,89.6952,27.68,31.61,52.3,38.65,25.7,89.75,1554.68,27.28,272.53,Forest,0.3343,0
2023-01-26 12:00:00,22.05522,89.89565,67.08,97.13,126.44,90.89,18.31,82.55,80.0,39.43,341.59,Forest,0.8878,1
2023-01-27 00:00:00,27.90193,96.16034,35.51,107.23,250.9,57.02,27.59,79.7,1545.21,47.44,206.74,Forest,0.4099,1
2023-01-27 12:00:00,26.98638,96.66954,37.04,136.58,246.25,44.36,21.31,84.59,80.0,33.78,174.75,Forest,0.2231,1
2023-01-28 00:00:00,27.28874,90.0154,27.97,111.43,159.17,65.3,28.31,82.52,1023.56,45.22,270.05,Agriculture,0.1425,1
2023-01-28 12:00:00,27.85547,92.46311,33.25,120.04,164.14,57.93,17.39,85.48,343.8,27.03,34.95,Agriculture,0.4016,1
2023-01-29 00:00:00,25.44187,94.9682,25.02,41.53,145.2,91.77,19.61,82.44,2030.31,25.03,154.16,Agriculture,0.1927,1
2023-01-29 12:00:00,26.26556,96.34447,59.33,110.61,199.52,71.93,24.9,90.4,347.87,31.35,179.58,Shrubland,0.5412,1
2023-01-30 00:00:00,23.04848,91.601,16.09,78.32,143.77,64.04,28.85,55.42,80.0,24.96,299.18,Shrubland,0.1459,1
2023-01-30 12:00:00,22.85898,92.91169,6.89,71.96,184.38,76.84,31.33,77.0,1186.68,15.61,293.12,Forest,0.1658,1
2023-01-31 00:00:00,27.01302,95.04631,19.16,58.89,86.35,82.16,23.21,59.73,831.09,18.82,305.38,Agriculture,0.1117,0
2023-01-31 12:00:00,25.53322,94.94579,17.46,64.21,99.7,75.77,32.19,82.66,122.01,11.65,251.23,Forest,0.6403,1
2023-02-01 00:00:00,26.23927,95.43812,19.15,100.92,217.59,88.69,21.55,100.0,1441.78,31.34,191.0,Shrubland,0.0998,1
2023-02-01 12:00:00,27.73749,93.41437,26.83,87.47,181.83,73.39,28.49,72.03,80.0,25.14,298.04,Built-up,0.4735,1
2023-02-02 00:00:00,26.76039,88.99384,19.21,87.98,164.49,63.66,18.29,79.96,426.44,20.68,314.38,Agriculture,0.4427,1
2023-02-02 12:00:00,26.15185,96.58775,26.53,55.45,331.42,85.97,25.1,89.89,726.11,18.2,172.97,Forest,0.6712,0
2023-02-03 00:00:00,26.19405,96.22294,19.26,85.52,216.0,58.49,11.29,48.98,1621.44,31.06,354.84,Agriculture,0.5408,1
2023-02-03 12:00:00,24.27963,95.58193,40.58,86.87,135.84,63.53,17.39,70.87,1942.05,34.37,314.93,Forest,0.2998,1
2023-02-04 00:00:00,22.23113,88.94869,125.93,202.12,240.49,99.0,25.33,85.05,1816.81,11.43,183.77,Forest,0.4725,1
2023-02-04 12:00:00,25.27538,89.94177,34.99,58.55,156.26,94.64,16.44,39.17,1000.37,9.55,24.94,Forest,0.527,1
2023-02-05 00:00:00,23.60939,95.0642,19.93,91.9,260.13,60.23,25.13,64.34,80.0,36.45,80.82,Forest,0.6492,1
2023-02-05 12:00:00,25.06396,88.21983,1.91,34.27,46.99,49.16,27.53,92.87,1354.05,8.5,279.5,Agriculture,0.0555,0
2023-02-06 00:00:00,28.40052,97.30263,99.5,171.7,264.25,99.0,20.49,93.99,2055.87,31.57,40.02,Forest,0.2085,1
2023-02-06 12:00:00,23.75455,91.58287,36.45,87.97,145.02,78.38,18.16,84.16,1901.96,44.4,169.13,Forest,0.2873,1
2023-02-07 00:00:00,22.43727,94.83347,26.35,70.12,156.53,67.47,20.63,90.72,1400.92,44.43,217.75,Built-up,0.2798,1
2023-02-07 12:00:00,24.11038,96.43193,2.1,35.89,55.06,51.82,18.17,80.6,326.82,33.85,316.2,Shrubland,0.6458,1
2023-02-08 00:00:00,24.20195,91.74898,27.45,68.0,236.15,67.93,22.49,86.17,758.55,33.51,304.96,Forest,0.4768,1
2023-02-08 12:00:00,26.96437,91.03176,33.04,63.15,262.92,61.53,23.51,73.66,2356.98,52.02,275.14,Shrubland,0.2781,1
2023-02-09 00:00:00,26.17774,93.78304,19.32,52.55,174.69,47.03,21.47,78.97,179.13,2.0,146.77,Shrubland,0.3798,0
2023-02-09 12:00:00,27.87924,93.5194,8.41,67.89,295.15,61.59,31.37,69.23,353.9,19.43,51.21,Shrubland,0.4184,1
2023-02-10 00:00:00,26.98235,91.88683,7.83,15.95,70.69,64.25,19.4,95.9,1712.66,35.18,241.07,Shrubland,0.3358,1
2023-02-10 12:00:00,25.0479,93.71686,100.54,172.06,262.99,62.56,29.96,99.43,819.75,20.95,65.26,Agriculture,0.4937,1
2023-02-11 00:00:00,28.10515,96.88612,32.33,104.68,228.11,79.96,17.79,98.32,331.86,39.88,202.07,Forest,0.2872,1
2023-02-11 12:00:00,23.2523,92.44258,19.31,53.91,152.57,86.09,23.36,73.59,2093.18,24.53,353.04,Shrubland,0.4889,1
2023-02-12 00:00:00,22.17034,89.86905,30.88,78.55,139.21,81.1,28.92,65.7,1399.69,26.58,198.11,Forest,0.1598,1
2023-02-12 12:00:00,22.67536,91.58346,29.29,47.81,113.83,55.99,28.66,95.68,851.83,21.7,232.4,Agriculture,0.2093,1
2023-02-13 00:00:00,27.4177,91.74402,7.42,64.18,251.85,74.01,20.9,86.32,355.25,18.73,243.93,Forest,0.8253,1
2023-02-13 12:00:00,25.46408,89.24553,56.67,77.37,150.91,66.36,25.78,82.92,2430.81,18.43,298.94,Forest,0.5788,1
2023-02-14 00:00:00,23.20954,89.54728,25.81,26.95,188.61,36.38,25.11,67.95,1084.11,28.25,156.59,Built-up,0.5662,1
2023-02-14 12:00:00,25.75784,94.50334,32.66,129.65,200.24,75.37,20.3,84.73,2008.26,15.71,179.1,Shrubland,0.415,1
2023-02-15 00:00:00,23.14234,91.22504,79.09,95.76,256.75,70.41,26.08,63.33,1680.86,36.44,63.35,Forest,0.5346,1
2023-02-15 12:00:00,27.2224,97.07153,8.68,48.56,128.31,99.0,32.31,88.83,761.41,32.84,221.28,Forest,0.6311,1
2023-02-16 00:00:00,25.34617,90.31417,15.36,64.38,180.6,88.99,25.36,98.75,766.59,38.19,106.47,Forest,0.3744,1
2023-02-16 12:00:00,24.85766,88.93978,37.9,97.29,139.98,76.77,25.83,100.0,2040.1,11.45,182.74,Built-up,0.2031,1
2023-02-17 00:00:00,24.26134,95.15829,55.9,98.54,189.32,69.69,26.36,88.4,2050.64,4.61,275.96,Forest,0.2618,1
2023-02-17 12:00:00,26.72712,96.36984,17.79,70.03,113.27,63.41,15.7,58.82,80.0,24.95,6.33,Forest,0.5379,1
2023-02-18 00:00:00,24.71359,90.64208,18.68,52.64,106.28,40.17,25.3,79.77,1457.36,55.0,203.01,Shrubland,0.0851,1
2023-02-18 12:00:00,22.65737,89.91984,47.11,56.98,114.27,28.87,17.92,100.0,1021.21,40.19,62.44,Forest,0.5014,1
2023-02-19 00:00:00,22.88504,89.76478,119.57,160.97,226.09,54.9,20.05,65.58,428.34,18.35,100.58,Forest,0.6819,1
2023-02-19 12:00:00,29.21423,92.95912,31.67,96.94,245.33,60.85,33.81,77.21,1270.13,30.09,12.5,Agriculture,0.1758,1
2023-02-20 00:00:00,28.81436,92.44996,15.32,32.95,84.89,17.73,21.73,95.68,222.76,33.73,61.01,Forest,0.2983,1
2023-02-20 12:00:00,27.2478,90.46468,11.53,60.92,144.86,48.5,19.3,86.06,796.8,8.58,355.19,Agriculture,0.4028,1
2023-02-21 00:00:00,23.99402,88.42914,26.77,163.22,324.57,56.26,28.76,100.0,580.99,41.44,359.47,Agriculture,0.1224,1
2023-02-21 12:00:00,29.26882,92.57417,54.13,93.47,207.97,60.19,18.26,67.75,775.14,22.99,259.15,Forest,0.4219,1
2023-02-22 00:00:00,27.84063,97.11366,154.1,195.02,208.05,63.26,20.76,64.31,1053.54,23.91,220.27,Agriculture,0.4212,1
2023-02-22 12:00:00,27.37668,94.19893,23.34,32.34,50.96,53.97,29.25,94.84,439.88,25.29,279.72,Agriculture,0.2827,0
2023-02-23 00:00:00,25.37021,92.70731,31.7,47.44,147.45,96.28,23.21,63.07,2122.57,38.73,322.76,Shrubland,0.4475,1
2023-02-23 12:00:00,24.04181,89.05157,89.67,110.58,160.36,82.0,15.19,76.35,1420.63,15.94,186.95,Shrubland,0.5666,1
2023-02-24 00:00:00,22.72293,90.39814,37.44,100.93,116.9,51.29,25.72,76.65,2266.47,4.52,12.7,Forest,0.2268,1
2023-02-24 12:00:00,28.76952,90.80035,35.17,53.94,100.72,60.85,21.02,92.55,995.95,28.88,255.38,Forest,0.542,1
2023-02-25 00:00:00,25.41832,95.26563,78.43,134.34,237.11,66.85,30.7,86.94,743.29,2.0,354.46,Agriculture,0.2595,1
2023-02-25 12:00:00,23.51773,96.32875,32.27,54.9,111.68,46.51,19.97,83.72,2242.97,21.39,92.9,Forest,0.4441,1
2023-02-26 00:00:00,24.29467,96.5656,12.46,21.85,99.78,44.11,28.26,71.57,724.26,39.24,166.85,Forest,0.2289,1
2023-02-26 12:00:00,26.34415,97.3534,67.93,136.96,197.95,86.36,31.88,96.33,984.11,31.95,130.06,Shrubland,0.3781,1
2023-02-27 00:00:00,23.3258,97.33248,6.13,37.05,78.42,50.34,18.75,100.0,1568.03,37.51,140.57,Forest,0.3129,1
2023-02-27 12:00:00,28.42461,97.05349,60.33,120.03,209.51,43.35,22.03,86.85,295.48,32.44,259.7,Agriculture,0.3527,1
2023-02-28 00:00:00,27.6889,88.68231,29.82,38.86,53.01,60.72,24.94,79.43,1562.34,53.92,136.23,Agriculture,0.2748,1
2023-02-28 12:00:00,27.39597,89.30904,23.54,26.93,63.83,63.18,18.71,59.99,1479.18,17.94,338.79,Agriculture,0.368,1
2023-03-01 00:00:00,25.2407,90.89243,23.05,69.03,199.17,21.31,24.35,67.14,1925.06,29.78,284.28,Forest,0.638,1
2023-03-01 12:00:00,26.70482,93.25253,26.69,41.89,61.14,60.39,21.88,75.03,1678.53,19.74,9.95,Forest,0.5982,1
2023-03-02 00:00:00,26.38073,88.92129,20.84,66.33,141.3,77.86,21.77,71.41,1944.99,36.48,294.68,Agriculture,0.4755,1
2023-03-02 12:00:00,26.87385,96.03507,41.5,87.73,140.92,72.0,23.24,78.38,1028.23,24.26,278.23,Forest,0.3841,1
2023-03-03 00:00:00,22.63333,93.85918,21.45,63.38,112.46,99.0,23.36,100.0,539.26,45.63,185.94,Agriculture,0.294,1
2023-03-03 12:00:00,25.11856,93.15246,29.99,116.31,255.23,86.62,23.82,96.79,2471.49,18.63,178.85,Shrubland,0.06,1
2023-03-04 00:00:00,22.31211,89.57046,3.54,58.74,216.9,87.4,20.01,77.15,107.65,41.89,300.79,Forest,0.3382,1
2023-03-04 12:00:00,25.70493,90.40593,29.83,166.19,195.44,99.0,20.22,63.03,172.77,32.12,152.92,Forest,0.5708,1
2023-03-05 00:00:00,24.47396,89.52296,20.49,52.1,117.64,75.62,22.41,97.5,1467.33,24.61,57.41,Agriculture,0.6125,1
2023-03-05 12:00:00,23.08393,96.09336,57.31,69.83,79.95,68.14,22.78,77.72,2156.24,31.51,112.64,Forest,0.6005,1
2023-03-06 00:00:00,22.77552,93.55016,24.34,48.32,181.81,80.4,20.81,54.85,1223.21,28.14,95.47,Agriculture,0.0844,1
2023-03-06 12:00:00,26.40733,94.98373,51.66,84.81,156.79,53.01,24.62,87.62,1749.55,29.27,245.18,Shrubland,0.1218,1
2023-03-07 00:00:00,23.27945,90.81231,47.61,191.58,209.47,65.87,13.93,92.65,80.0,22.52,64.39,Forest,0.3236,1
2023-03-07 12:00:00,28.9384,91.5269,48.54,92.31,130.83,50.87,19.35,43.58,775.3,16.58,232.12,Agriculture,0.6985,1
2023-03-08 00:00:00,26.35796,91.84612,25.04,113.57,140.38,68.96,21.6,66.9,80.0,20.98,167.75,Forest,0.163,1
2023-03-08 12:00:00,24.60152,95.22014,31.35,60.85,97.43,48.72,18.72,75.89,1607.27,4.8,302.28,Forest,0.4933,0
2023-03-09 00:00:00,26.43187,95.33735,40.7,67.3,78.66,49.15,31.15,87.74,94.3,35.1,174.6,Built-up,0.299,1
2023-03-09 12:00:00,22.17103,89.96473,32.09,40.72,227.04,70.12,23.09,71.29,269.42,10.18,334.73,Agriculture,0.358,1
2023-03-10 00:00:00,29.18919,96.94462,24.38,165.32,195.64,58.17,23.88,66.26,1434.12,22.39,324.17,Shrubland,0.3927,1
2023-03-10 12:00:00,25.61728,89.14623,13.56,122.45,197.28,21.08,20.58,86.23,1790.19,32.78,66.7,Agriculture,0.1266,1
2023-03-11 00:00:00,27.87051,96.51316,30.26,80.02,182.11,32.52,22.92,70.07,996.67,35.07,247.02,Shrubland,0.1834,1
2023-03-11 12:00:00,22.62047,88.95376,6.92,41.66,199.97,35.89,16.92,84.38,1470.61,3.7,77.26,Forest,0.4638,1
2023-03-12 00:00:00,25.64994,90.51313,3.19,48.23,125.06,40.72,22.15,61.47,1449.56,23.9,296.39,Forest,0.3821,0
2023-03-12 12:00:00,25.6803,96.04155,10.79,22.8,83.04,67.58,18.31,59.45,959.97,30.52,228.86,Forest,0.5485,1
2023-03-13 00:00:00,29.0337,89.70517,48.14,107.77,187.08,68.16,21.61,88.98,388.44,25.62,105.88,Forest,0.3396,1
2023-03-13 12:00:00,26.28796,91.9289,35.7,138.62,167.72,83.59,10.2,82.71,1467.18,41.13,89.68,Shrubland,0.6902,1
2023-03-14 00:00:00,25.55117,92.27366,48.49,154.9,186.28,78.87,17.36,91.86,1498.51,15.14,154.65,Agriculture,0.3025,1
2023-03-14 12:00:00,24.00232,90.32996,16.62,25.67,84.79,81.43,30.32,71.62,1681.12,2.0,288.26,Forest,0.5913,1
2023-03-15 00:00:00,24.48677,94.74733,61.38,149.35,156.31,77.53,27.15,67.75,1302.84,34.72,286.62,Shrubland,0.1599,1
2023-03-15 12:00:00,25.90504,96.08768,7.84,19.93,62.07,63.13,29.6,97.21,340.48,18.55,12.02,Agriculture,0.2038,0
2023-03-16 00:00:00,25.29184,96.30846,11.2,14.94,65.45,81.33,29.94,57.75,1548.72,3.9,108.82,Built-up,0.4422,0
2023-03-16 12:00:00,22.16209,91.22356,60.65,150.89,401.06,83.67,26.36,96.7,1099.1,23.1,152.23,Forest,0.3623,1
2023-03-17 00:00:00,28.19719,93.04308,33.8,61.35,233.8,69.58,20.74,96.97,786.22,39.77,210.81,Built-up,0.3465,1
2023-03-17 12:00:00,28.72121,90.35986,48.69,130.4,232.21,89.26,17.81,91.5,908.49,9.84,53.83,Agriculture,0.8778,1
2023-03-18 00:00:00,23.05187,90.32557,35.81,112.55,248.38,15.38,28.73,66.14,651.33,53.03,120.7,Forest,0.4873,1
2023-03-18 12:00:00,26.15527,89.53191,18.75,88.83,119.95,54.44,23.32,66.29,1677.75,14.95,318.81,Forest,0.3731,1
2023-03-19 00:00:00,22.81432,96.93018,9.92,54.55,135.49,53.08,35.47,74.71,178.23,26.04,171.56,Forest,0.5651,1
2023-03-19 12:00:00,27.0418,96.43589,4.41,17.92,142.22,81.58,21.17,60.95,454.23,10.37,267.89,Agriculture,0.4152,1
2023-03-20 00:00:00,24.10925,95.38491,94.73,127.94,159.33,99.0,32.86,66.49,886.3,25.5,174.52,Shrubland,0.4439,1
2023-03-20 12:00:00,26.94567,92.91778,5.86,113.47,132.15,29.7,22.22,85.51,2148.94,23.4,167.39,Shrubland,0.2562,1
2023-03-21 00:00:00,27.45246,92.66078,76.67,159.84,253.96,95.42,29.68,88.86,1785.28,7.13,223.89,Agriculture,0.2286,1
2023-03-21 12:00:00,27.76486,93.03258,32.42,67.05,88.03,38.46,31.48,62.23,80.0,55.0,93.37,Forest,0.1882,1
2023-03-22 00:00:00,22.80806,93.0974,36.64,70.93,179.57,39.57,17.89,86.44,1978.38,19.06,89.93,Forest,0.2725,1
2023-03-22 12:00:00,28.87009,92.12835,34.88,100.62,257.08,57.5,20.58,84.24,1977.12,19.07,356.17,Agriculture,0.3418,1
2023-03-23 00:00:00,23.7266,89.25167,44.47,91.57,123.9,56.97,17.84,98.99,336.89,36.63,312.84,Built-up,0.4736,1
2023-03-23 12:00:00,22.28059,89.19381,15.23,51.32,86.01,28.66,16.85,84.4,80.0,46.77,265.59,Agriculture,0.6065,1
2023-03-24 00:00:00,26.16139,97.04637,2.61,64.5,217.81,71.31,26.34,93.39,1053.06,38.52,49.37,Forest,0.1046,1
2023-03-24 12:00:00,24.78192,92.57929,18.41,78.83,155.98,73.8,22.02,85.37,1829.58,10.59,10.88,Forest,0.1411,1
2023-03-25 00:00:00,28.22342,97.05545,41.81,66.37,205.87,84.1,23.26,92.92,2134.32,27.57,63.15,Forest,0.1509,1
2023-03-25 12:00:00,28.06189,89.55398,11.3,65.58,126.46,50.69,25.78,59.51,533.96,2.42,337.58,Forest,0.6169,0
2023-03-26 00:00:00,24.37854,93.26696,62.42,120.22,184.82,64.7,13.71,76.53,2238.79,35.82,293.86,Forest,0.5146,1
2023-03-26 12:00:00,29.14675,89.97331,27.08,69.15,144.77,60.64,29.43,77.49,80.0,5.38,188.31,Built-up,0.3061,1
2023-03-27 00:00:00,24.18188,90.40525,10.3,32.63,249.7,93.0,21.25,76.24,860.77,15.36,348.76,Agriculture,0.233,1
2023-03-27 12:00:00,25.86293,88.28552,33.56,65.93,197.95,5.34,25.66,81.48,828.81,24.96,52.77,Forest,0.4768,1
2023-03-28 00:00:00,23.91974,89.13006,41.3,59.76,100.7,43.82,26.1,86.07,1849.02,30.34,201.29,Forest,0.2865,1
2023-03-28 12:00:00,29.02033,96.71006,43.48,98.83,184.23,63.33,29.85,83.66,1943.9,21.87,65.96,Forest,0.1745,1
2023-03-29 00:00:00,23.23456,91.05456,60.69,69.79,127.3,43.57,22.48,74.7,1720.25,43.23,110.31,Shrubland,0.6804,1
2023-03-29 12:00:00,22.33683,93.77723,7.2,122.29,171.38,53.7,12.38,67.38,222.14,33.68,338.45,Agriculture,0.3227,0
2023-03-30 00:00:00,25.26323,92.41763,60.75,160.44,266.91,62.77,23.29,93.5,1660.7,32.74,312.58,Forest,0.2416,1
2023-03-30 12:00:00,29.44282,91.80429,64.63,123.43,214.8,52.6,24.0,82.53,1430.88,10.25,36.65,Agriculture,0.2517,1
2023-03-31 00:00:00,28.68758,93.05292,9.95,89.79,122.47,60.48,17.83,63.76,80.0,45.39,89.84,Forest,0.5726,1
2023-03-31 12:00:00,27.61456,89.77877,12.03,88.22,163.98,72.01,23.74,75.89,80.0,15.36,214.02,Forest,0.5184,1
2023-04-01 00:00:00,28.68094,97.39174,50.44,98.09,145.91,59.33,21.19,53.56,1774.69,45.85,22.09,Built-up,0.1781,1
2023-04-01 12:00:00,28.70085,95.77392,21.56,58.46,160.13,51.52,16.29,78.07,982.94,49.27,198.03,Forest,0.2812,1
2023-04-02 00:00:00,25.89144,95.04534,71.22,104.86,150.91,63.23,26.36,75.38,264.63,31.15,210.42,Forest,0.6757,1
2023-04-02 12:00:00,24.36947,92.45321,84.85,202.78,267.7,68.03,20.18,70.36,964.69,37.38,104.75,Shrubland,0.3857,1
2023-04-03 00:00:00,27.79009,89.45233,10.29,31.91,82.13,24.43,20.97,98.41,1336.63,2.0,105.52,Forest,0.5056,1
2023-04-03 12:00:00,26.96246,96.74633,14.96,36.96,50.54,69.03,20.69,62.27,1046.15,22.66,82.47,Forest,0.2717,0
2023-04-04 00:00:00,24.80243,91.24318,32.26,116.99,326.92,52.85,29.18,87.53,91.21,38.23,336.84,Forest,0.1579,1
2023-04-04 12:00:00,22.7085,88.47601,2.5,81.81,156.94,83.53,22.8,100.0,2325.61,36.09,139.99,Forest,0.3311,1
2023-04-05 00:00:00,27.60092,91.25283,4.58,39.79,254.6,70.37,23.4,93.6,1752.74,10.36,210.7,Shrubland,0.3286,1
2023-04-05 12:00:00,23.96845,95.54734,13.45,76.83,154.57,83.01,20.8,78.71,882.0,21.48,108.57,Forest,0.5316,1
2023-04-06 00:00:00,29.0261,93.91573,104.66,174.05,294.41,50.34,25.31,61.64,908.19,2.0,252.96,Agriculture,0.2991,1
2023-04-06 12:00:00,23.80728,95.13297,36.07,48.92,92.26,54.9,29.75,58.68,1333.67,29.96,36.52,Agriculture,0.0362,1
2023-04-07 00:00:00,22.92068,95.53954,17.22,121.26,165.53,35.22,26.24,71.0,365.75,2.4,25.79,Forest,0.4838,0
2023-04-07 12:00:00,28.23335,90.01357,11.93,81.31,153.26,45.33,26.43,67.65,1309.74,38.57,267.94,Forest,0.4294,1
2023-04-08 00:00:00,23.14963,96.77594,9.83,69.42,282.96,84.22,26.03,69.14,235.02,39.19,261.6,Forest,0.2168,1
2023-04-08 12:00:00,23.34451,92.1609,18.34,88.09,121.84,89.95,16.1,74.93,1054.15,19.31,95.4,Forest,0.4565,1
2023-04-09 00:00:00,26.49537,94.07063,17.44,71.97,82.04,37.13,18.62,75.43,340.43,31.26,127.82,Forest,0.8274,0
2023-04-09 12:00:00,28.55922,88.02193,24.84,65.07,215.96,51.82,21.98,84.38,373.25,22.39,344.61,Agriculture,0.5697,1
2023-04-10 00:00:00,23.47326,97.437,42.74,90.71,216.32,61.61,19.37,60.75,2169.72,27.9,37.56,Forest,0.6903,1
2023-04-10 12:00:00,24.32743,90.66852,27.99,39.68,92.28,73.07,17.68,69.1,1138.5,11.23,65.93,Shrubland,0.1771,0
2023-04-11 00:00:00,27.83054,88.5896,52.58,201.95,471.53,29.11,13.64,74.22,1234.81,32.47,154.81,Agriculture,0.4115,1
2023-04-11 12:00:00,29.2887,92.35349,23.42,63.13,340.4,28.75,16.27,73.7,80.0,5.31,101.56,Agriculture,0.0475,1
2023-04-12 00:00:00,25.75556,89.22579,89.22,236.92,249.43,78.5,21.72,100.0,711.95,3.04,233.64,Forest,0.3502,1
2023-04-12 12:00:00,23.07923,89.4471,51.68,100.26,142.72,25.22,22.65,79.51,1399.79,23.54,248.62,Forest,0.4,1
2023-04-13 00:00:00,22.10452,94.00669,35.34,61.73,133.28,53.3,19.03,55.07,1226.19,22.47,189.5,Built-up,0.3954,1
2023-04-13 12:00:00,23.72242,91.73281,42.85,144.88,244.57,66.38,23.39,84.17,80.0,28.27,220.03,Forest,0.5271,1
2023-04-14 00:00:00,22.98867,96.7576,18.77,76.64,165.74,68.57,20.83,86.07,1234.64,17.21,156.03,Agriculture,0.3977,1
2023-04-14 12:00:00,27.08244,91.03199,24.52,209.53,284.43,58.11,28.45,76.15,1338.26,47.63,273.74,Agriculture,0.1898,1
2023-04-15 00:00:00,22.91374,94.89871,23.76,49.57,78.78,53.54,22.19,60.69,1934.45,26.93,15.16,Shrubland,0.2435,1
2023-04-15 12:00:00,25.79747,92.38044,15.47,120.39,229.19,76.75,26.48,100.0,674.1,27.79,112.64,Forest,0.3731,1
2023-04-16 00:00:00,27.20697,94.26954,8.19,116.86,230.11,64.69,24.02,63.26,80.0,27.37,246.39,Forest,0.4029,1
2023-04-16 12:00:00,26.35837,93.69711,44.54,118.01,261.68,50.4,15.99,86.77,452.1,37.03,118.67,Shrubland,0.8432,1
2023-04-17 00:00:00,23.49832,92.49145,58.48,167.76,193.21,65.77,22.55,81.09,386.91,31.91,28.27,Shrubland,0.5243,1
2023-04-17 12:00:00,28.03093,97.02558,40.06,80.49,143.44,70.47,16.82,86.93,1578.86,30.3,124.2,Agriculture,0.1982,1
2023-04-18 00:00:00,27.36555,91.25578,27.92,49.44,99.95,95.72,22.46,100.0,80.0,33.83,256.14,Agriculture,0.4408,1
2023-04-18 12:00:00,27.54238,89.68374,116.47,144.9,169.88,87.7,19.27,87.25,808.57,3.1,43.91,Built-up,0.0473,1
2023-04-19 00:00:00,22.98293,94.44189,17.03,63.14,125.3,84.34,24.91,71.4,2026.77,3.56,260.87,Built-up,0.2884,1
2023-04-19 12:00:00,22.92815,96.03707,36.24,112.37,142.97,50.14,16.29,92.99,1104.69,24.09,279.16,Agriculture,0.1554,1
2023-04-20 00:00:00,28.95672,88.38241,64.38,87.26,108.35,55.24,23.07,68.93,1682.61,22.63,228.71,Forest,0.4055,0
2023-04-20 12:00:00,24.98184,92.27151,10.88,44.55,171.3,54.6,25.86,80.02,80.0,31.96,87.92,Forest,0.4293,1
2023-04-21 00:00:00,24.25712,96.47863,47.01,71.53,123.9,60.77,27.54,59.94,80.0,25.24,289.91,Shrubland,0.4262,1
2023-04-21 12:00:00,25.66438,95.12138,93.15,178.83,219.53,49.02,19.18,62.98,2034.21,31.98,77.2,Shrubland,0.4124,1
2023-04-22 00:00:00,26.97148,97.42217,29.76,176.7,344.89,86.89,23.09,80.06,1165.79,10.05,326.1,Forest,0.1101,1
2023-04-22 12:00:00,29.16717,93.04843,33.86,52.21,167.87,79.73,23.92,84.14,1167.13,24.87,254.39,Shrubland,0.0871,1
2023-04-23 00:00:00,24.14835,94.26996,17.12,82.64,91.44,53.94,30.74,53.86,373.2,8.91,19.7,Forest,0.333,0
2023-04-23 12:00:00,28.93606,90.87356,42.49,135.61,235.77,75.93,15.59,85.76,1165.51,29.64,287.74,Forest,0.4397,1
2023-04-24 00:00:00,22.18645,97.00159,15.13,52.83,152.64,64.27,18.44,66.74,355.14,2.46,182.32,Agriculture,0.2434,0
2023-04-24 12:00:00,26.16399,91.48019,28.41,40.76,100.87,75.81,37.02,96.71,1871.47,29.18,162.95,Forest,0.3831,1
2023-04-25 00:00:00,26.75481,95.01585,7.15,108.54,166.85,31.97,21.63,71.67,2873.09,7.37,151.38,Shrubland,0.252,1
2023-04-25 12:00:00,22.79423,91.82983,1.06,12.63,28.07,55.21,13.55,62.03,1414.56,20.4,218.39,Shrubland,0.3003,1
2023-04-26 00:00:00,23.05255,93.33728,20.21,142.01,409.56,59.26,20.09,79.02,687.28,35.74,260.85,Shrubland,0.2879,1
2023-04-26 12:00:00,25.14336,94.83793,19.93,44.0,105.97,72.86,9.16,65.82,80.0,27.73,322.55,Forest,0.0968,1
2023-04-27 00:00:00,29.24674,92.83487,21.69,31.55,127.8,48.03,24.2,95.17,80.0,5.25,98.26,Shrubland,0.6075,0
2023-04-27 12:00:00,26.47032,96.61732,50.59,80.81,145.54,14.07,27.05,75.71,2110.66,16.93,227.08,Forest,0.2617,1
2023-04-28 00:00:00,28.99767,91.98336,59.63,102.98,144.27,43.52,18.44,75.05,431.03,6.98,247.08,Agriculture,0.2039,1
2023-04-28 12:00:00,28.03271,94.14718,37.38,87.89,221.52,61.26,20.65,86.35,858.96,4.66,242.93,Forest,0.6856,1
2023-04-29 00:00:00,25.50536,91.25244,48.1,117.55,201.02,65.05,27.62,64.18,1525.96,26.41,177.48,Built-up,0.1307,1
2023-04-29 12:00:00,27.88573,91.87749,15.53,69.46,131.85,93.54,14.25,61.63,2063.49,31.72,140.77,Agriculture,0.1205,1
2023-04-30 00:00:00,22.13378,92.18048,12.32,151.42,246.92,71.13,16.39,84.27,970.27,30.29,274.46,Forest,0.4885,1
2023-04-30 12:00:00,22.81858,89.19517,43.12,84.93,154.43,64.81,21.86,62.84,836.97,32.23,108.0,Forest,0.269,1
2023-05-01 00:00:00,28.22071,88.87137,10.74,66.79,291.39,58.64,19.24,62.53,1146.55,24.86,74.9,Forest,0.3968,1
2023-05-01 12:00:00,27.97613,94.34115,9.59,62.26,192.75,81.23,21.53,90.78,692.04,21.72,196.5,Agriculture,0.2737,1
2023-05-02 00:00:00,23.74481,94.22742,157.44,166.06,273.07,65.09,16.68,85.61,727.02,12.12,96.34,Agriculture,0.5112,1
2023-05-02 12:00:00,25.98077,94.29764,31.27,46.55,64.08,58.95,24.07,60.39,1367.72,19.72,11.96,Agriculture,0.1128,1
2023-05-03 00:00:00,26.54512,88.18778,19.94,66.18,175.87,38.61,22.25,68.26,1220.44,9.14,18.57,Agriculture,0.4644,1
2023-05-03 12:00:00,28.50804,91.1022,18.06,79.14,186.89,88.55,25.75,66.78,2485.54,14.86,250.2,Shrubland,0.3636,1
2023-05-04 00:00:00,26.5233,89.87919,7.37,12.61,43.72,66.73,24.0,100.0,1385.25,26.07,350.33,Agriculture,0.2016,1
2023-05-04 12:00:00,25.09429,95.39244,36.8,180.13,197.23,48.27,24.03,90.1,1848.24,23.59,163.69,Forest,0.096,1
2023-05-05 00:00:00,24.80638,96.17599,23.38,88.03,214.81,58.52,15.77,72.03,403.66,55.0,52.94,Shrubland,0.1195,1
2023-05-05 12:00:00,25.19412,90.34346,58.46,102.75,240.71,75.21,25.46,86.83,1441.35,8.85,294.51,Shrubland,0.037,1
2023-05-06 00:00:00,26.88948,94.34457,44.1,106.64,151.11,58.28,21.35,58.93,630.06,23.5,94.12,Agriculture,0.4484,0
2023-05-06 12:00:00,28.50618,89.22895,22.73,51.54,94.31,50.04,22.17,68.08,1357.04,7.92,358.43,Forest,0.4598,1
2023-05-07 00:00:00,25.40423,90.61395,3.52,54.44,136.83,45.34,28.24,78.73,1547.53,20.35,202.78,Forest,0.79,1
2023-05-07 12:00:00,23.8588,89.31722,31.33,88.37,140.6,68.54,19.4,84.76,1132.41,20.83,83.75,Forest,0.4061,1
2023-05-08 00:00:00,23.77497,90.69345,29.21,131.41,148.1,54.34,29.76,76.35,2664.76,35.14,178.56,Built-up,0.1169,1
2023-05-08 12:00:00,27.59511,94.41,2.61,41.58,72.36,49.24,30.22,80.93,2028.19,19.6,120.74,Shrubland,0.3695,1
2023-05-09 00:00:00,28.12427,96.64811,40.49,52.4,146.1,36.14,26.76,77.9,1865.21,22.7,280.61,Forest,0.4176,1
2023-05-09 12:00:00,22.78959,89.92396,10.38,31.41,63.82,60.8,18.1,75.75,1596.79,19.84,38.09,Forest,0.4816,1
2023-05-10 00:00:00,22.49919,93.14975,60.58,97.13,239.92,61.65,12.07,73.94,2246.18,8.19,308.52,Shrubland,0.2994,1
2023-05-10 12:00:00,26.45825,94.66322,27.84,41.13,147.64,54.91,28.39,71.78,165.97,17.17,276.24,Agriculture,0.5003,0
2023-05-11 00:00:00,23.0963,97.05276,17.62,36.63,133.1,64.09,23.56,81.45,1990.68,20.42,310.09,Built-up,0.2055,1
2023-05-11 12:00:00,28.18498,93.79557,34.77,55.96,137.07,77.13,19.27,84.61,455.69,25.89,322.2,Agriculture,0.3661,1
2023-05-12 00:00:00,24.32751,90.42352,33.17,67.78,107.47,76.01,28.87,81.58,733.18,31.71,82.72,Agriculture,0.2213,1
2023-05-12 12:00:00,23.07904,93.94204,32.25,96.31,213.37,72.92,18.69,62.15,1464.91,22.18,187.56,Forest,0.3516,1
2023-05-13 00:00:00,28.90728,91.04467,55.13,88.44,127.15,59.8,20.88,64.01,1901.59,21.97,305.97,Forest,0.3124,1
2023-05-13 12:00:00,23.24149,97.27322,36.37,103.54,251.85,51.02,25.62,83.14,350.18,4.35,135.86,Shrubland,0.3416,1
2023-05-14 00:00:00,24.1354,91.79692,16.28,60.6,262.21,39.08,17.43,97.56,766.85,31.48,21.75,Agriculture,0.3763,0
2023-05-14 12:00:00,23.1521,94.51156,23.96,43.56,126.66,49.01,22.45,79.58,1163.4,16.65,104.99,Forest,0.4854,1
2023-05-15 00:00:00,22.86618,88.22066,75.75,133.49,317.53,67.48,28.45,72.61,978.86,33.97,87.09,Agriculture,0.2117,1
2023-05-15 12:00:00,22.15861,91.80058,15.01,66.42,97.6,44.08,24.06,80.34,1655.12,40.8,313.22,Forest,0.3899,1
2023-05-16 00:00:00,22.41547,96.31352,40.02,108.45,215.81,64.72,29.24,62.32,3333.35,22.75,166.98,Forest,0.3346,1
2023-05-16 12:00:00,23.30981,93.79716,56.55,135.09,208.56,45.48,28.67,95.6,1372.56,12.72,246.08,Forest,0.2175,1
2023-05-17 00:00:00,22.40036,92.21746,42.87,147.25,275.55,29.92,23.04,79.11,622.12,24.8,346.36,Agriculture,0.1905,1
2023-05-17 12:00:00,26.43358,96.89141,31.48,97.07,106.52,78.17,11.32,69.54,257.27,29.18,107.71,Agriculture,0.3742,1
2023-05-18 00:00:00,27.10536,96.11285,35.28,85.44,208.47,52.75,17.47,75.3,888.58,21.21,274.03,Shrubland,0.6196,1
2023-05-18 12:00:00,24.95223,91.06105,44.84,113.49,156.51,46.64,26.82,69.95,488.84,18.23,8.2,Agriculture,0.1406,0
2023-05-19 00:00:00,24.38493,93.17321,14.85,45.56,121.82,37.91,15.25,95.26,1403.91,31.76,37.48,Agriculture,0.2671,1
2023-05-19 12:00:00,25.78395,92.65333,29.35,58.21,322.76,69.98,21.37,75.67,1393.81,30.97,58.27,Forest,0.6418,1
2023-05-20 00:00:00,28.56254,94.00592,116.04,230.07,340.01,99.0,24.69,82.13,798.94,20.84,112.47,Agriculture,0.1374,1
2023-05-20 12:00:00,28.38349,91.17406,40.92,69.08,168.93,54.85,30.35,85.77,2390.22,5.15,145.08,Forest,0.2784,1
2023-05-21 00:00:00,22.32606,90.31995,32.34,54.02,148.09,57.57,20.12,67.51,621.96,30.48,171.73,Shrubland,0.3842,1
2023-05-21 12:00:00,23.36124,96.67038,22.04,87.61,246.62,82.08,19.78,81.82,1022.37,15.79,88.32,Forest,0.4562,1
2023-05-22 00:00:00,23.77559,96.77681,15.0,45.92,177.3,23.59,22.74,80.02,1515.46,27.57,23.84,Forest,0.8227,1
2023-05-22 12:00:00,23.87041,96.01157,36.16,114.15,208.98,99.0,24.75,58.19,1679.84,26.81,243.91,Shrubland,0.3007,1
2023-05-23 00:00:00,26.28424,97.29294,38.04,137.29,223.75,99.0,22.23,83.49,1930.42,2.33,8.52,Forest,0.4163,1
2023-05-23 12:00:00,25.12197,95.07742,27.85,52.27,134.53,7.21,28.25,74.72,1378.52,25.97,291.41,Shrubland,0.2969,1
2023-05-24 00:00:00,22.36941,95.26434,146.91,218.13,288.56,73.68,19.0,80.5,1783.09,31.17,334.5,Agriculture,0.3402,1
2023-05-24 12:00:00,24.80211,95.24461,16.19,43.8,68.83,45.56,23.6,77.78,667.68,32.65,255.73,Shrubland,0.0513,1
2023-05-25 00:00:00,25.92815,92.56577,12.99,50.16,158.43,54.26,25.23,81.34,1696.75,26.41,214.55,Forest,0.4595,0
2023-05-25 12:00:00,22.76254,92.3363,22.3,78.14,124.88,52.31,21.0,96.34,1688.07,2.0,236.53,Forest,0.3675,0
2023-05-26 00:00:00,28.25094,90.28215,28.55,57.46,121.46,77.66,27.2,62.37,2083.38,40.32,234.8,Forest,0.6701,1
2023-05-26 12:00:00,22.38971,94.12578,14.31,66.54,204.12,57.47,23.74,73.08,80.0,29.93,335.41,Agriculture,0.205,1
2023-05-27 00:00:00,28.93631,90.74854,35.52,75.12,146.83,44.04,26.94,86.53,510.33,10.56,347.15,Agriculture,0.225,0
2023-05-27 12:00:00,22.74335,90.44918,38.41,117.61,185.1,59.17,23.97,84.69,1635.04,15.55,153.62,Forest,0.5411,1
2023-05-28 00:00:00,28.32681,93.56663,48.66,128.0,211.29,74.13,24.88,85.14,80.0,27.77,222.15,Agriculture,0.465,1
2023-05-28 12:00:00,28.7699,91.89483,19.44,48.47,106.18,36.66,19.84,100.0,1419.8,33.16,289.01,Shrubland,0.5975,1
2023-05-29 00:00:00,29.34678,90.07914,71.53,128.29,389.11,33.66,19.85,85.28,1788.87,19.14,0.37,Built-up,0.8167,1
2023-05-29 12:00:00,28.01519,95.75253,46.37,134.07,371.6,99.0,29.12,95.78,725.36,34.91,189.73,Forest,0.5055,1
2023-05-30 00:00:00,27.84608,96.17541,15.9,34.63,268.08,47.06,26.18,73.05,820.38,3.49,235.04,Shrubland,0.1451,1
2023-05-30 12:00:00,26.81862,89.59315,14.25,53.67,147.96,56.96,17.89,63.95,401.81,12.49,258.19,Shrubland,0.3067,1
2023-05-31 00:00:00,27.84247,88.07132,23.56,78.55,122.82,52.87,23.9,73.24,760.99,2.0,132.76,Forest,0.1751,0
2023-05-31 12:00:00,23.00914,91.19323,38.48,56.48,196.62,73.58,11.13,88.65,779.83,14.23,106.43,Forest,0.1692,1
2023-06-01 00:00:00,26.02051,95.57635,42.62,74.54,132.61,98.57,20.13,85.62,656.15,43.1,65.57,Forest,0.6839,1
2023-06-01 12:00:00,25.85667,95.97215,46.31,175.96,324.65,75.16,27.81,84.4,620.51,49.69,200.81,Shrubland,0.1894,1
2023-06-02 00:00:00,28.43179,89.31413,111.21,139.31,181.84,40.98,22.37,74.05,923.85,27.82,330.95,Agriculture,0.3719,1
2023-06-02 12:00:00,25.471,95.35619,5.01,35.71,134.98,30.92,23.59,71.31,915.98,17.34,322.55,Agriculture,0.3213,0
2023-06-03 00:00:00,24.88817,89.09919,27.26,92.31,255.53,53.29,7.92,75.15,2318.19,22.34,129.59,Forest,0.4981,1
2023-06-03 12:00:00,26.79672,91.70559,105.19,121.23,181.92,65.26,21.04,88.41,843.78,30.68,92.83,Agriculture,0.2676,1
2023-06-04 00:00:00,23.99847,97.48679,50.23,90.31,150.82,29.59,24.69,88.25,1323.7,6.24,283.97,Forest,0.3602,1
2023-06-04 12:00:00,23.04826,89.82961,12.26,34.13,53.12,75.86,25.33,64.71,725.03,18.13,260.99,Built-up,0.5828,1
2023-06-05 00:00:00,25.58408,89.46265,34.2,86.36,130.02,40.38,27.81,87.69,716.76,42.22,181.92,Forest,0.6759,1
2023-06-05 12:00:00,25.12667,92.0166,26.0,27.4,120.36,90.99,21.95,70.44,80.0,12.45,140.05,Agriculture,0.3545,1
2023-06-06 00:00:00,23.74427,93.88685,25.27,72.29,175.68,97.45,22.17,86.44,80.0,16.01,44.57,Built-up,0.1993,1
2023-06-06 12:00:00,24.75634,96.86256,19.13,75.22,189.59,55.33,16.34,75.08,315.45,25.16,282.65,Agriculture,0.3726,1
2023-06-07 00:00:00,24.74794,97.3178,32.16,64.74,76.87,70.64,21.98,100.0,1219.4,28.4,222.29,Agriculture,0.1216,1
2023-06-07 12:00:00,24.45622,88.66159,62.78,97.01,155.3,40.89,16.69,71.19,1799.51,17.5,135.68,Forest,0.4929,1
2023-06-08 00:00:00,24.84598,89.31098,20.6,50.03,71.42,72.95,13.76,81.15,80.0,25.92,330.76,Agriculture,0.6405,1
2023-06-08 12:00:00,27.14308,95.51201,46.55,86.22,175.8,53.62,17.57,86.17,743.1,32.3,237.48,Shrubland,0.2622,1
2023-06-09 00:00:00,24.22657,90.57101,52.37,167.41,182.87,42.54,30.54,64.89,211.52,48.54,334.53,Forest,0.8203,1
2023-06-09 12:00:00,29.11643,96.40607,71.14,152.04,180.01,60.75,21.65,77.02,928.22,23.49,170.79,Built-up,0.3296,1
2023-06-10 00:00:00,28.87261,94.30281,14.03,53.68,183.5,50.37,24.1,73.79,1799.25,24.5,163.66,Forest,0.5127,1
2023-06-10 12:00:00,25.60683,89.06253,30.26,62.19,110.2,55.13,20.43,70.56,809.53,43.33,337.41,Forest,0.5918,1
2023-06-11 00:00:00,24.46271,95.90903,17.3,93.07,278.16,79.07,14.05,72.8,1069.11,18.41,345.52,Built-up,0.2943,1
2023-06-11 12:00:00,26.01576,89.67539,32.21,81.94,198.43,46.16,27.68,92.88,2045.9,9.11,345.88,Forest,0.203,1
2023-06-12 00:00:00,28.3642,92.02321,32.04,49.63,110.59,96.55,12.14,71.45,1397.64,28.0,294.8,Forest,0.34,1
2023-06-12 12:00:00,26.89441,93.24576,11.02,47.2,191.4,32.82,20.23,84.57,605.94,37.91,166.47,Forest,0.4482,1
2023-06-13 00:00:00,28.03294,92.75728,33.65,140.67,205.78,94.35,22.73,84.12,1203.29,29.33,75.71,Agriculture,0.6022,1
2023-06-13 12:00:00,25.99542,94.51855,114.86,178.11,302.83,51.45,24.15,58.01,562.09,23.84,138.04,Agriculture,0.245,1
2023-06-14 00:00:00,26.74688,94.20052,42.74,74.95,116.79,63.11,19.37,85.42,1373.31,7.62,337.79,Forest,0.4465,1
2023-06-14 12:00:00,24.16117,97.4244,8.93,20.01,169.98,49.27,13.81,57.67,1434.97,24.3,130.88,Shrubland,0.5553,1
2023-06-15 00:00:00,27.5117,97.49451,13.25,65.22,82.31,52.72,18.99,86.43,211.35,39.8,272.42,Shrubland,0.2902,1
2023-06-15 12:00:00,23.51803,92.90636,29.1,73.6,101.54,77.52,19.26,71.78,1213.85,10.19,332.28,Agriculture,0.6771,1
2023-06-16 00:00:00,27.21099,88.90439,13.54,52.24,84.86,89.62,19.13,79.6,1023.58,22.06,349.34,Agriculture,0.243,1
2023-06-16 12:00:00,28.45539,94.91451,68.6,144.95,190.66,90.04,27.85,61.38,1454.04,20.35,341.16,Built-up,0.0934,1
2023-06-17 00:00:00,22.99077,97.27831,7.87,71.67,167.06,50.85,16.93,79.26,1640.38,16.63,199.82,Forest,0.4162,1
2023-06-17 12:00:00,26.60785,91.0241,42.96,54.42,129.09,66.84,24.5,91.32,1410.34,27.98,177.08,Forest,0.2541,1
2023-06-18 00:00:00,22.71322,92.38148,6.21,50.9,176.62,43.1,23.79,65.86,902.92,30.32,355.55,Shrubland,0.1498,1
2023-06-18 12:00:00,27.44287,92.03538,28.75,43.24,208.0,41.62,27.8,68.58,1706.66,30.19,78.54,Forest,0.4415,0
2023-06-19 00:00:00,22.6337,88.48848,11.78,41.62,56.73,36.49,22.33,83.19,532.51,13.28,67.51,Shrubland,0.2884,1
2023-06-19 12:00:00,29.01955,94.38651,48.58,62.06,240.35,55.08,26.96,84.47,241.66,5.25,346.75,Forest,0.7788,1
2023-06-20 00:00:00,23.03056,91.35671,61.01,74.95,138.94,70.31,22.14,44.44,80.0,28.15,248.11,Forest,0.2063,1
2023-06-20 12:00:00,29.1916,95.48091,38.4,95.04,325.51,24.37,25.17,100.0,1054.41,18.93,193.07,Built-up,0.1513,1
2023-06-21 00:00:00,28.00663,95.90514,62.92,115.6,155.86,64.62,15.49,85.63,565.99,47.06,47.54,Forest,0.5743,1
2023-06-21 12:00:00,26.45262,95.80169,1.73,43.96,54.56,88.53,9.81,89.18,1358.54,47.61,184.77,Shrubland,0.1099,0
2023-06-22 00:00:00,27.86968,91.95833,33.33,61.09,178.51,84.44,24.89,77.21,80.0,48.89,339.92,Agriculture,0.3782,1
2023-06-22 12:00:00,27.96336,91.05468,42.52,55.05,167.37,51.4,25.16,51.6,679.33,13.72,217.04,Forest,0.2031,1
2023-06-23 00:00:00,29.0952,95.1138,46.48,76.42,105.06,35.64,25.38,86.23,1405.68,31.83,145.67,Forest,0.6068,1
2023-06-23 12:00:00,23.90038,95.6132,40.75,93.61,125.02,72.09,20.38,70.69,430.61,35.45,198.4,Forest,0.3199,1
2023-06-24 00:00:00,26.42557,92.66695,47.19,99.17,231.48,17.31,30.45,83.48,1366.02,34.1,319.01,Shrubland,0.2291,0
2023-06-24 12:00:00,22.71287,96.48379,33.05,138.59,237.33,84.17,20.7,76.15,737.94,20.75,328.63,Forest,0.3301,1
2023-06-25 00:00:00,26.62124,89.36713,9.02,104.65,163.68,54.81,25.1,81.07,1078.67,40.35,144.03,Shrubland,0.2829,1
2023-06-25 12:00:00,23.28468,96.35115,19.01,62.51,168.53,96.91,25.97,69.0,1486.85,25.01,218.9,Forest,0.1791,1
2023-06-26 00:00:00,26.23713,88.9129,68.83,98.53,190.28,31.72,31.59,88.69,1719.32,26.54,100.51,Forest,0.2799,0
2023-06-26 12:00:00,26.29323,89.45849,63.7,86.05,120.61,84.01,21.41,62.56,1160.12,6.55,162.39,Forest,0.1534,1
2023-06-27 00:00:00,25.49489,93.07148,41.97,52.64,191.84,61.03,19.73,100.0,570.89,32.74,79.16,Forest,0.2062,1
2023-06-27 12:00:00,25.91974,88.64143,49.3,65.33,186.42,57.3,15.51,100.0,802.27,21.88,191.33,Forest,0.3534,1
2023-06-28 00:00:00,27.72943,88.50167,58.69,111.61,187.57,37.65,30.76,99.74,1514.02,30.58,208.17,Built-up,0.2545,1
2023-06-28 12:00:00,27.99434,88.00493,41.62,108.54,240.91,74.91,25.11,96.6,436.19,27.82,121.62,Forest,0.6998,1
2023-06-29 00:00:00,25.69115,92.14501,67.53,102.17,351.69,79.63,25.27,77.8,984.26,27.17,97.96,Shrubland,0.1097,1
2023-06-29 12:00:00,26.49695,95.35893,66.03,247.02,278.09,99.0,38.58,96.28,849.18,24.45,54.37,Shrubland,0.6466,1
2023-06-30 00:00:00,28.98427,88.33096,138.28,154.45,215.62,94.75,24.63,78.39,1032.81,34.44,50.24,Agriculture,0.3236,1
2023-06-30 12:00:00,22.898,94.19645,19.69,29.31,92.89,48.48,16.49,55.67,443.97,22.61,256.13,Shrubland,0.5343,1
2023-07-01 00:00:00,22.87828,95.81971,19.99,198.94,329.31,40.32,22.02,98.06,80.0,7.54,79.79,Forest,0.383,1
2023-07-01 12:00:00,22.65782,89.59601,39.43,51.36,96.59,35.36,18.13,92.57,1438.48,31.83,42.47,Shrubland,0.5818,0
2023-07-02 00:00:00,26.93397,89.39521,101.19,135.47,260.82,99.0,21.02,79.51,1726.69,15.29,359.59,Forest,0.5659,1
2023-07-02 12:00:00,25.13956,96.17761,71.11,95.1,144.94,50.97,20.99,60.4,80.0,9.11,93.57,Agriculture,0.249,1
2023-07-03 00:00:00,27.80741,95.81968,53.59,109.36,137.17,94.04,20.06,71.49,1339.8,12.73,322.58,Forest,0.19,0
2023-07-03 12:00:00,27.03424,93.11995,74.37,106.65,186.04,77.43,16.03,53.38,1804.07,28.4,219.31,Agriculture,0.0553,1
2023-07-04 00:00:00,24.50228,95.7824,43.07,110.13,159.08,69.77,30.96,91.72,1487.34,23.84,257.43,Shrubland,0.3471,1
2023-07-04 12:00:00,28.73775,88.88118,23.79,101.2,186.59,54.72,24.49,55.29,829.16,2.0,201.93,Agriculture,0.215,1
2023-07-05 00:00:00,27.71899,91.74757,117.64,128.2,229.09,85.33,21.87,83.28,486.73,20.4,65.09,Forest,0.5162,1
2023-07-05 12:00:00,24.02901,95.00908,40.84,62.57,78.94,62.59,26.79,66.32,1152.64,39.03,304.94,Agriculture,0.6624,1
2023-07-06 00:00:00,24.73144,90.44579,65.06,136.17,189.91,58.42,25.36,57.95,1261.06,19.58,298.07,Agriculture,0.4141,1
2023-07-06 12:00:00,24.3583,95.14712,1.71,89.87,169.31,72.12,24.38,81.94,1162.27,23.01,125.89,Shrubland,0.1278,1
2023-07-07 00:00:00,23.18209,92.7897,2.33,51.1,183.87,55.4,26.42,73.1,982.91,37.52,274.99,Forest,0.265,1
2023-07-07 12:00:00,23.10838,95.12753,34.11,92.85,214.57,46.13,23.67,89.04,396.28,34.55,195.49,Forest,0.3962,1
2023-07-08 00:00:00,29.02096,92.41446,13.54,123.58,160.82,71.62,26.35,60.83,1374.75,37.26,327.26,Forest,0.6247,1
2023-07-08 12:00:00,25.28428,91.49509,36.48,69.07,135.14,61.1,26.77,67.45,1406.06,2.0,289.02,Agriculture,0.3179,0
2023-07-09 00:00:00,24.8749,90.0823,19.97,68.35,173.02,70.17,23.81,45.08,1230.53,45.8,14.76,Forest,0.5785,1
2023-07-09 12:00:00,27.47264,89.9796,151.21,246.91,309.44,67.07,21.9,47.77,1172.15,32.64,316.54,Agriculture,0.1264,1
2023-07-10 00:00:00,26.14745,95.13916,61.59,161.33,201.83,41.21,30.65,100.0,2191.51,54.54,348.68,Agriculture,0.1974,1
2023-07-10 12:00:00,29.02105,89.12965,79.18,119.09,191.59,99.0,20.61,100.0,694.15,15.61,267.18,Agriculture,0.5646,1
2023-07-11 00:00:00,27.85226,88.81683,3.1,25.44,123.16,89.3,24.96,80.76,1932.93,3.84,43.17,Agriculture,0.2351,1
2023-07-11 12:00:00,25.59527,89.67477,53.09,92.66,126.78,82.05,25.07,67.57,622.88,25.09,290.66,Shrubland,0.3631,1
2023-07-12 00:00:00,24.8227,89.66579,26.09,68.6,181.42,53.37,19.95,73.49,1820.82,21.7,233.1,Shrubland,0.5609,1
2023-07-12 12:00:00,29.39974,95.81952,80.19,101.83,184.8,61.62,18.96,90.31,1901.69,32.84,121.98,Forest,0.2766,1
2023-07-13 00:00:00,27.3832,91.78581,47.83,72.32,188.03,91.39,21.23,72.37,909.52,37.9,318.25,Agriculture,0.2388,1
2023-07-13 12:00:00,29.13396,97.40869,29.14,128.98,200.25,54.42,20.54,81.05,2179.63,23.95,203.6,Built-up,0.1482,1
2023-07-14 00:00:00,22.88859,89.30351,10.03,70.71,295.89,46.55,15.71,77.15,1404.87,22.11,307.05,Shrubland,0.3111,1
2023-07-14 12:00:00,28.379,94.20863,33.62,68.03,164.4,99.0,19.74,71.99,529.77,31.27,241.24,Built-up,0.2099,1
2023-07-15 00:00:00,26.77805,92.26293,67.79,84.89,209.86,65.18,24.33,70.89,856.8,21.92,103.87,Built-up,0.487,1
2023-07-15 12:00:00,22.91441,91.73272,83.27,108.0,220.51,99.0,29.33,84.06,1836.3,20.92,351.01,Shrubland,0.3634,1
2023-07-16 00:00:00,26.41193,96.3133,22.54,31.37,96.76,32.74,25.77,62.96,1699.99,37.45,205.56,Agriculture,0.3382,0
2023-07-16 12:00:00,27.14572,97.26816,135.68,185.39,275.62,84.65,10.0,85.56,412.27,40.12,186.03,Shrubland,0.2701,1
2023-07-17 00:00:00,22.09227,96.29216,64.26,87.86,133.99,99.0,26.21,73.35,1009.48,38.01,145.26,Forest,0.1808,1
2023-07-17 12:00:00,25.40738,89.82686,13.8,66.4,280.92,60.25,20.21,79.8,1232.29,22.98,49.08,Forest,0.5541,1
2023-07-18 00:00:00,28.1905,90.09758,11.0,81.61,185.72,54.04,25.27,97.08,770.06,2.0,247.04,Shrubland,0.3638,1
2023-07-18 12:00:00,24.21519,94.2327,27.41,80.56,119.02,37.93,22.93,74.54,2632.57,23.22,155.09,Agriculture,0.2464,1
2023-07-19 00:00:00,25.43911,90.74629,22.49,53.65,236.65,82.35,22.04,91.99,1251.88,15.9,336.46,Forest,0.4578,1
2023-07-19 12:00:00,25.31736,94.97989,43.32,64.01,132.01,47.8,22.49,52.3,1059.82,23.44,347.43,Agriculture,0.1691,0
2023-07-20 00:00:00,24.26446,93.381,31.0,45.9,183.18,59.82,22.89,71.41,1874.05,16.95,276.35,Agriculture,0.3907,1
2023-07-20 12:00:00,28.88831,93.23363,24.08,117.53,133.42,36.2,29.72,77.2,862.61,24.75,87.3,Agriculture,0.5811,1
2023-07-21 00:00:00,27.85971,95.8712,6.62,58.12,219.28,89.93,22.9,100.0,1754.83,12.53,257.75,Forest,0.3994,1
2023-07-21 12:00:00,22.82941,94.75006,48.87,81.45,182.54,86.96,28.43,51.91,80.0,9.63,7.35,Shrubland,0.2625,1
2023-07-22 00:00:00,29.47776,88.25249,5.99,70.26,106.08,58.09,27.7,76.56,805.12,39.67,297.5,Forest,0.3365,1
2023-07-22 12:00:00,28.594,88.46986,64.4,147.99,247.83,42.64,26.34,97.53,1781.9,13.36,177.7,Forest,0.7011,1
2023-07-23 00:00:00,24.12931,93.71481,3.61,27.63,228.12,89.15,14.07,68.47,2120.63,25.0,337.23,Forest,0.269,1
2023-07-23 12:00:00,28.27672,92.61882,5.6,55.98,103.27,51.35,28.58,74.59,597.36,36.45,135.99,Forest,0.3413,1
2023-07-24 00:00:00,22.79815,90.47175,13.74,64.87,111.63,37.54,20.71,81.52,521.62,35.97,94.74,Forest,0.3976,0
2023-07-24 12:00:00,29.49329,91.97723,20.86,127.8,192.43,25.26,26.58,78.85,1468.84,34.54,358.22,Shrubland,0.071,1
2023-07-25 00:00:00,26.99264,95.20015,17.38,49.6,128.49,47.17,18.14,99.28,695.03,28.63,191.04,Forest,0.3608,1
2023-07-25 12:00:00,26.87594,95.85281,20.78,40.83,184.29,31.4,17.07,82.85,925.42,33.69,310.75,Forest,0.6531,1
2023-07-26 00:00:00,22.67831,93.33162,37.02,91.48,196.59,49.99,32.88,96.09,1669.66,41.48,327.98,Agriculture,0.0762,1
2023-07-26 12:00:00,28.72775,91.66101,14.04,82.04,146.63,74.57,18.22,73.69,746.33,30.1,186.65,Shrubland,0.1853,1
2023-07-27 00:00:00,22.2175,90.57162,37.28,84.71,177.77,54.97,28.73,67.38,80.0,2.95,164.06,Built-up,0.2098,0
2023-07-27 12:00:00,23.80621,92.95823,1.75,113.54,335.77,65.32,23.59,75.11,254.3,18.66,199.04,Shrubland,0.1543,1
2023-07-28 00:00:00,23.07266,90.99012,13.56,45.7,163.8,45.16,20.9,61.03,1106.47,33.36,305.19,Forest,0.2319,1
2023-07-28 12:00:00,27.82576,93.3589,5.28,53.57,123.58,59.94,22.78,84.77,80.0,17.47,347.28,Built-up,0.212,1
2023-07-29 00:00:00,23.48653,94.4282,63.89,75.32,138.45,99.0,16.49,74.55,906.85,44.44,118.2,Agriculture,0.5711,1
2023-07-29 12:00:00,28.82979,88.62775,15.8,34.89,124.03,52.93,22.93,68.24,195.14,24.24,265.91,Shrubland,0.1463,1
2023-07-30 00:00:00,26.92202,88.01014,46.72,70.87,213.14,71.29,17.59,85.55,2165.96,26.02,102.73,Shrubland,0.1449,1
2023-07-30 12:00:00,22.27122,90.01663,4.2,40.65,82.56,27.19,21.02,60.35,2507.34,38.5,219.94,Shrubland,0.1976,1
2023-07-31 00:00:00,22.04072,96.49786,82.35,95.68,224.98,98.28,27.63,90.7,412.17,22.81,289.72,Shrubland,0.702,1
2023-07-31 12:00:00,22.38743,94.13976,32.41,96.05,164.99,52.34,24.27,70.92,1266.89,27.12,319.14,Agriculture,0.4033,1
2023-08-01 00:00:00,26.54444,89.63362,29.61,51.99,128.84,82.56,15.59,95.36,475.74,35.79,161.54,Shrubland,0.3709,1
2023-08-01 12:00:00,28.01111,96.45751,6.71,167.26,506.95,56.34,27.26,72.32,898.94,7.33,133.11,Forest,0.6512,1
2023-08-02 00:00:00,23.78915,92.46458,12.01,35.07,155.53,71.67,22.96,87.43,2272.26,21.58,91.24,Forest,0.2981,1
2023-08-02 12:00:00,28.37057,92.52287,24.71,69.42,119.63,74.39,20.29,81.23,796.65,34.95,48.03,Forest,0.3511,1
2023-08-03 00:00:00,22.42924,96.88765,12.46,53.13,154.01,50.45,26.73,87.94,914.08,25.79,131.37,Forest,0.1311,1
2023-08-03 12:00:00,28.00723,88.56512,59.59,77.27,224.38,86.99,22.16,80.89,487.36,42.61,313.91,Forest,0.4196,1
2023-08-04 00:00:00,28.95847,90.04419,31.66,68.22,189.58,46.62,17.17,54.04,1845.02,6.09,150.77,Agriculture,0.2885,1
2023-08-04 12:00:00,27.79081,93.56483,12.61,48.82,57.36,75.07,32.24,92.88,80.0,4.72,114.23,Forest,0.5538,1
2023-08-05 00:00:00,27.23591,89.85712,53.35,130.82,205.32,56.6,22.91,76.6,812.18,34.24,266.09,Forest,0.216,1
2023-08-05 12:00:00,28.28485,94.45551,22.08,78.0,182.02,67.64,22.59,89.44,1070.17,35.39,77.61,Forest,0.7451,1
2023-08-06 00:00:00,22.30113,90.03388,51.65,114.64,212.83,54.96,20.97,87.41,670.3,22.68,92.26,Shrubland,0.6917,1
2023-08-06 12:00:00,23.51337,88.94199,19.2,95.53,149.06,61.3,28.9,67.24,1661.3,29.8,336.93,Shrubland,0.2174,1
2023-08-07 00:00:00,22.93693,89.96636,44.41,108.12,230.92,41.84,20.38,64.28,1881.32,33.94,29.37,Shrubland,0.0819,1
2023-08-07 12:00:00,25.78398,92.01597,21.44,71.52,233.14,65.52,15.28,87.45,182.17,15.23,149.27,Built-up,0.2548,1
2023-08-08 00:00:00,27.58891,89.67331,59.61,83.57,100.5,66.04,19.61,74.06,2460.77,16.52,207.63,Built-up,0.5511,1
2023-08-08 12:00:00,26.72509,89.27957,4.32,52.12,67.43,47.72,29.63,90.5,174.88,27.28,82.89,Agriculture,0.597,1
2023-08-09 00:00:00,28.38348,96.17268,9.22,29.55,129.8,58.01,27.16,75.41,1937.61,35.85,101.16,Agriculture,0.57,1
2023-08-09 12:00:00,23.1641,91.04377,26.55,65.25,195.07,63.87,21.72,92.52,1197.39,11.01,79.86,Forest,0.6716,1
2023-08-10 00:00:00,27.50966,91.42721,16.45,51.43,98.88,47.65,29.87,83.31,772.59,22.62,124.27,Shrubland,0.1269,1
2023-08-10 12:00:00,23.44781,88.52507,20.88,57.59,66.77,57.93,26.74,81.93,833.91,22.07,323.46,Forest,0.1792,1
2023-08-11 00:00:00,24.03069,91.39501,48.16,61.62,137.05,43.67,21.67,71.95,1078.22,30.02,155.37,Agriculture,0.1602,1
2023-08-11 12:00:00,27.32429,90.51567,20.51,21.95,121.18,99.0,22.17,83.2,1235.47,24.9,150.42,Forest,0.5771,1
2023-08-12 00:00:00,29.35154,93.79961,38.28,68.44,129.1,83.78,24.65,95.89,501.9,18.45,139.17,Forest,0.5974,1
2023-08-12 12:00:00,26.58658,89.95121,13.47,102.08,251.65,65.08,18.84,77.49,947.94,39.98,347.08,Forest,0.5485,1
2023-08-13 00:00:00,22.40875,96.43947,3.22,47.45,142.46,81.83,23.02,86.53,599.06,18.53,42.23,Shrubland,0.3179,1
2023-08-13 12:00:00,26.62232,96.83183,51.42,135.76,179.11,24.59,24.54,76.88,310.22,21.49,313.88,Agriculture,0.0783,1
2023-08-14 00:00:00,22.31763,88.9484,95.11,115.55,162.7,18.26,14.57,77.66,568.75,5.9,117.78,Forest,0.2761,1
2023-08-14 12:00:00,28.63109,89.02033,35.34,64.33,140.98,54.26,22.05,100.0,352.52,16.44,344.34,Shrubland,0.4495,1
2023-08-15 00:00:00,27.32184,89.0956,27.73,194.52,252.03,33.76,21.48,93.51,826.9,31.19,113.48,Forest,0.2488,1
2023-08-15 12:00:00,23.29846,93.88591,32.56,54.08,68.35,57.17,28.14,78.97,1381.11,28.85,29.83,Agriculture,0.2284,1
2023-08-16 00:00:00,22.68791,89.15871,74.76,136.9,226.17,71.08,13.78,81.56,1178.46,32.19,187.22,Forest,0.5185,1
2023-08-16 12:00:00,23.3765,96.09763,35.66,97.74,145.9,80.69,21.09,69.21,2383.32,31.61,82.03,Forest,0.47,1
2023-08-17 00:00:00,29.3502,95.16558,53.21,110.61,165.64,41.62,20.59,74.66,80.0,50.05,271.08,Shrubland,0.3894,1
2023-08-17 12:00:00,25.4392,95.78818,51.55,114.24,145.06,72.18,27.8,82.94,1405.07,16.03,236.63,Shrubland,0.3808,1
2023-08-18 00:00:00,27.88061,92.99758,63.15,84.41,288.33,65.87,22.78,90.2,1104.17,5.57,247.13,Agriculture,0.3628,1
2023-08-18 12:00:00,26.77306,97.46843,27.25,58.57,174.16,68.22,31.98,88.9,1630.19,12.39,69.66,Shrubland,0.5124,1
2023-08-19 00:00:00,26.2931,88.41966,18.98,21.19,258.29,49.88,26.31,61.96,1565.7,16.56,255.11,Built-up,0.1806,1
2023-08-19 12:00:00,23.08848,91.81202,44.78,154.1,214.53,91.04,20.95,93.23,992.76,13.31,112.08,Forest,0.3819,1
2023-08-20 00:00:00,29.09518,91.0774,60.07,122.5,242.66,63.14,24.2,76.91,1212.22,26.12,359.52,Forest,0.2434,1
2023-08-20 12:00:00,24.26007,97.01213,68.13,92.3,182.7,99.0,21.23,66.13,616.36,40.03,263.44,Built-up,0.0612,1
2023-08-21 00:00:00,26.33513,93.48018,81.07,101.71,146.49,51.92,27.3,96.31,1498.89,43.48,212.55,Forest,0.3754,1
2023-08-21 12:00:00,27.24832,95.65881,56.34,145.98,205.94,79.62,16.34,99.47,80.0,31.05,312.16,Agriculture,0.9185,1
2023-08-22 00:00:00,26.86925,89.61824,18.08,40.86,156.3,58.98,18.88,81.64,1604.94,50.7,212.15,Forest,0.3969,1
2023-08-22 12:00:00,29.05446,97.29702,35.31,59.42,90.2,55.68,25.28,87.71,1084.94,20.72,198.99,Shrubland,0.2185,1
2023-08-23 00:00:00,23.11329,92.73708,32.97,49.98,200.54,74.6,29.13,89.47,783.41,5.41,85.43,Forest,0.2661,0
2023-08-23 12:00:00,25.81265,92.68988,30.26,100.97,186.08,55.65,11.99,97.32,948.85,37.64,244.12,Shrubland,0.6531,1
2023-08-24 00:00:00,25.03026,97.2234,44.84,128.35,265.85,10.14,29.87,85.7,996.52,2.94,134.87,Agriculture,0.2458,1
2023-08-24 12:00:00,25.55627,91.61696,25.27,60.41,159.92,5.0,22.3,56.66,1943.25,15.94,15.51,Forest,0.6514,0
2023-08-25 00:00:00,22.89413,91.77649,25.3,109.17,126.24,86.48,13.58,100.0,3201.77,31.24,293.78,Forest,0.3509,1
2023-08-25 12:00:00,23.00571,93.55515,99.0,153.0,227.54,94.48,7.99,94.64,1892.92,23.77,18.67,Forest,0.1693,1
2023-08-26 00:00:00,24.08557,89.2165,28.4,44.49,197.25,99.0,15.35,72.82,732.54,22.71,242.03,Forest,0.5361,1
2023-08-26 12:00:00,24.28528,91.05031,62.84,166.97,251.17,65.19,22.9,63.84,1509.36,10.83,56.42,Forest,0.2305,1
2023-08-27 00:00:00,25.20927,89.83548,65.38,82.22,158.2,39.99,22.67,84.07,1537.66,24.87,155.73,Built-up,0.11,1
2023-08-27 12:00:00,26.58241,88.98119,36.05,73.18,157.32,53.93,26.17,73.8,498.65,37.04,309.27,Forest,0.4367,1
2023-08-28 00:00:00,26.75972,96.22837,26.12,61.33,74.39,61.36,20.25,82.69,280.48,25.24,33.99,Forest,0.4088,1
2023-08-28 12:00:00,25.08858,93.59865,13.98,44.53,207.89,39.54,17.46,87.38,1058.87,15.04,240.17,Shrubland,0.325,1
2023-08-29 00:00:00,25.06587,91.40739,5.89,11.91,18.42,91.68,20.93,71.65,1625.01,10.03,220.54,Forest,0.4595,0
2023-08-29 12:00:00,23.63221,91.88236,47.19,192.06,378.21,99.0,23.17,64.32,80.0,15.28,312.31,Forest,0.3226,1
2023-08-30 00:00:00,26.4123,92.09943,40.51,47.53,104.65,72.43,24.15,84.02,631.42,29.71,62.18,Agriculture,0.4174,1
2023-08-30 12:00:00,24.37781,94.01492,52.27,160.72,265.18,64.06,19.05,70.74,1472.22,29.12,287.92,Shrubland,0.1939,1
2023-08-31 00:00:00,22.27045,96.80431,20.04,40.08,51.88,34.51,27.51,78.77,1127.12,15.39,162.04,Agriculture,0.4475,1
2023-08-31 12:00:00,25.138,96.86141,105.71,131.8,260.66,99.0,19.89,61.14,2020.58,2.0,154.31,Forest,0.6544,1
2023-09-01 00:00:00,25.556,91.71917,43.18,144.68,258.94,64.71,18.65,74.7,182.61,30.04,130.24,Shrubland,0.3075,1
2023-09-01 12:00:00,23.69195,91.12799,27.55,85.74,195.24,55.52,20.29,87.79,2628.91,14.23,138.81,Agriculture,0.4953,1
2023-09-02 00:00:00,26.29343,92.28494,2.95,14.77,25.97,67.98,28.37,86.88,100.3,33.27,187.19,Agriculture,0.2814,1
2023-09-02 12:00:00,26.24329,93.39538,22.01,33.59,73.44,48.93,22.34,66.41,80.0,15.93,38.45,Built-up,0.4091,0
2023-09-03 00:00:00,27.26502,92.38727,54.04,106.32,206.2,67.42,19.53,62.02,1061.71,13.15,153.02,Forest,0.5129,1
2023-09-03 12:00:00,26.85961,94.25816,79.66,96.24,256.66,38.71,27.63,77.16,362.6,26.84,234.71,Built-up,0.1151,1
2023-09-04 00:00:00,26.89325,93.26679,31.08,91.21,126.09,83.47,33.71,87.03,1074.81,53.29,179.35,Agriculture,0.5352,1
2023-09-04 12:00:00,24.37161,91.0468,88.54,153.03,188.77,66.54,24.05,84.0,1052.08,33.99,59.7,Agriculture,0.4477,1
2023-09-05 00:00:00,27.90574,91.28444,13.01,34.93,130.22,82.74,29.17,71.97,972.75,26.63,130.7,Agriculture,0.1174,0
2023-09-05 12:00:00,26.11858,91.59663,41.42,68.67,389.06,58.95,28.18,82.12,552.43,29.31,159.47,Built-up,0.1507,1
2023-09-06 00:00:00,25.23564,88.89908,42.28,95.78,141.23,60.35,19.97,99.05,1381.23,3.99,240.79,Forest,0.3513,1
2023-09-06 12:00:00,26.69509,89.5776,47.46,68.57,125.14,39.45,23.13,79.84,893.73,11.53,324.28,Agriculture,0.2405,1
2023-09-07 00:00:00,24.70493,94.86958,34.45,78.73,128.84,77.33,16.59,56.0,1817.38,2.0,198.14,Agriculture,0.4906,1
2023-09-07 12:00:00,25.84554,91.69642,39.76,213.09,282.15,45.25,21.98,80.11,982.76,45.76,243.49,Agriculture,0.3011,1
2023-09-08 00:00:00,27.52529,90.03812,12.71,68.06,236.98,49.8,19.87,100.0,472.98,43.33,27.79,Agriculture,0.2878,1
2023-09-08 12:00:00,28.64802,93.34539,74.52,105.42,177.3,66.96,20.99,60.32,80.0,29.71,343.61,Forest,0.2264,1
2023-09-09 00:00:00,28.90793,95.17763,58.58,213.09,553.34,67.45,19.25,78.79,988.13,26.62,113.48,Forest,0.2076,1
2023-09-09 12:00:00,25.77725,90.44551,38.61,112.83,194.82,28.51,21.56,73.26,275.02,6.38,127.55,Forest,0.2262,1
2023-09-10 00:00:00,25.90206,95.8545,59.55,76.5,256.29,60.53,25.66,79.37,222.52,22.37,80.22,Agriculture,0.1997,1
2023-09-10 12:00:00,27.99903,96.8113,76.15,96.1,156.06,83.04,22.4,81.87,1442.85,46.51,30.48,Agriculture,0.1902,1
2023-09-11 00:00:00,24.35838,93.67525,46.97,54.96,80.06,56.07,13.68,93.76,80.0,26.58,284.42,Agriculture,0.3209,1
2023-09-11 12:00:00,28.28037,94.355,113.32,166.12,237.92,67.1,19.27,79.54,2017.93,18.22,86.58,Agriculture,0.3269,1
2023-09-12 00:00:00,25.70606,88.49947,49.81,54.6,165.25,67.22,15.4,96.24,1203.82,3.9,101.77,Shrubland,0.6115,0
2023-09-12 12:00:00,22.86893,96.98244,14.66,169.04,209.2,57.24,24.22,76.21,1071.5,41.56,65.45,Forest,0.1094,1
2023-09-13 00:00:00,22.54044,91.7286,37.17,71.07,232.41,41.85,25.52,72.19,427.4,24.16,350.96,Shrubland,0.0382,1
2023-09-13 12:00:00,28.31495,96.77705,61.17,138.56,190.68,64.61,24.28,68.86,1596.84,3.92,281.17,Agriculture,0.195,1
2023-09-14 00:00:00,22.41676,93.50029,76.2,107.73,138.56,87.03,19.06,53.91,1098.11,13.91,334.76,Shrubland,0.1858,1
2023-09-14 12:00:00,24.10459,88.04388,35.01,87.15,386.81,41.18,24.23,80.92,654.04,9.67,310.22,Agriculture,0.658,0
2023-09-15 00:00:00,24.50598,88.36615,13.6,51.12,89.48,52.14,20.65,100.0,1229.89,23.42,326.27,Built-up,0.3637,0
2023-09-15 12:00:00,23.29746,94.46398,25.66,69.0,119.87,33.45,17.31,83.09,80.0,27.49,172.45,Forest,0.3069,0
2023-09-16 00:00:00,24.3542,93.34535,8.48,102.65,226.19,77.85,26.71,88.51,80.0,18.96,61.39,Agriculture,0.3136,0
2023-09-16 12:00:00,27.57019,88.25206,53.5,178.92,237.27,62.57,27.09,72.35,371.88,34.32,117.68,Shrubland,0.4951,1
2023-09-17 00:00:00,22.11012,95.06287,21.78,140.84,172.7,43.61,27.74,73.76,1327.19,25.95,105.28,Shrubland,0.2785,1
2023-09-17 12:00:00,28.2038,96.09538,16.83,278.33,325.17,61.86,19.96,91.88,1097.88,37.75,258.17,Forest,0.5634,1
2023-09-18 00:00:00,28.42411,92.71597,57.23,80.37,327.75,40.8,28.9,100.0,1781.84,20.71,9.24,Forest,0.3431,1
2023-09-18 12:00:00,24.79196,92.4247,87.35,143.19,256.6,47.81,20.53,98.22,502.01,55.0,51.14,Forest,0.4611,1
2023-09-19 00:00:00,23.1521,88.05199,16.76,40.36,169.67,30.81,26.27,87.81,1473.53,18.23,245.84,Shrubland,0.4148,1
2023-09-19 12:00:00,26.5063,95.47317,35.19,126.76,218.73,40.89,20.45,77.54,1025.98,14.16,44.44,Forest,0.4638,1
2023-09-20 00:00:00,22.89754,91.1418,26.54,44.25,147.71,88.33,21.88,82.35,487.02,12.68,17.39,Forest,0.1338,1
2023-09-20 12:00:00,24.7369,96.34825,78.6,173.87,228.76,52.77,10.89,67.09,1350.45,22.47,39.32,Shrubland,0.3787,1
2023-09-21 00:00:00,29.18822,91.54408,29.02,77.64,161.46,70.81,21.49,58.27,1057.09,4.37,248.64,Forest,0.2391,1
2023-09-21 12:00:00,29.46598,93.36824,12.42,51.6,61.66,42.76,23.46,61.36,691.07,28.53,50.16,Agriculture,0.1712,1
2023-09-22 00:00:00,27.79079,90.56825,30.12,72.8,219.02,76.81,20.95,79.54,1127.3,2.14,52.67,Forest,0.307,1
2023-09-22 12:00:00,24.33221,89.52559,67.71,82.66,137.15,45.6,31.78,73.19,1015.81,26.94,82.91,Forest,0.3371,1
2023-09-23 00:00:00,27.15749,95.36163,25.3,41.46,68.71,61.82,17.19,57.52,1000.1,8.78,270.33,Built-up,0.4284,1
2023-09-23 12:00:00,27.29055,92.71761,18.35,67.61,154.99,61.26,20.18,77.54,831.81,20.42,72.13,Agriculture,0.1048,1
2023-09-24 00:00:00,24.90881,93.09664,28.0,77.01,142.3,99.0,18.48,75.49,251.78,32.25,12.74,Agriculture,0.6034,1
2023-09-24 12:00:00,26.80666,97.17145,12.81,37.33,180.04,72.15,20.18,62.19,1148.6,52.65,326.11,Agriculture,0.3239,1
2023-09-25 00:00:00,22.08046,97.15401,26.51,60.12,133.12,49.32,28.16,72.28,578.24,12.06,315.47,Forest,0.5278,1
2023-09-25 12:00:00,23.56793,96.1286,19.58,78.83,124.83,74.05,30.39,74.21,436.79,23.2,66.53,Agriculture,0.0958,1
2023-09-26 00:00:00,25.93816,89.78229,127.02,148.03,222.38,99.0,19.5,71.32,943.55,16.31,95.52,Forest,0.1859,1
2023-09-26 12:00:00,23.22813,93.64559,3.98,10.96,204.48,25.88,19.38,89.27,1577.12,14.56,67.88,Shrubland,0.3093,1
2023-09-27 00:00:00,23.2443,96.3424,14.6,126.54,272.47,42.9,17.21,50.5,1220.65,16.42,259.03,Forest,0.9387,1
2023-09-27 12:00:00,28.27228,91.55741,18.34,70.15,183.36,55.46,29.53,49.97,754.76,34.89,90.0,Agriculture,0.5714,1
2023-09-28 00:00:00,29.4185,88.96051,12.89,41.23,191.46,51.2,28.61,77.61,728.63,19.14,335.32,Forest,0.8076,1
2023-09-28 12:00:00,26.16977,95.70415,41.71,65.26,184.6,56.35,22.47,79.16,1513.28,51.99,297.95,Forest,0.4289,0
2023-09-29 00:00:00,28.29302,92.57675,16.5,37.32,73.29,33.89,16.02,82.35,80.0,29.99,211.82,Forest,0.1381,0
2023-09-29 12:00:00,29.42741,93.36173,7.54,98.87,228.89,86.98,16.47,71.8,1618.29,12.88,3.22,Agriculture,0.18,1
2023-09-30 00:00:00,23.06197,97.33037,32.85,45.48,207.81,33.49,23.85,63.82,80.0,20.6,318.12,Forest,0.2652,0
2023-09-30 12:00:00,25.36184,93.76851,24.13,79.87,248.33,56.89,25.75,77.74,179.98,15.38,261.99,Shrubland,0.2564,0
2023-10-01 00:00:00,24.9443,92.0373,17.2,72.91,102.35,80.98,12.67,72.87,765.73,34.6,283.65,Forest,0.5136,1
2023-10-01 12:00:00,22.60037,91.51485,77.27,148.88,199.88,66.67,21.39,100.0,2510.58,5.33,25.86,Agriculture,0.2048,1
2023-10-02 00:00:00,27.66498,91.96738,42.75,73.36,118.31,43.54,31.09,72.64,2190.32,8.91,255.08,Forest,0.3274,1
2023-10-02 12:00:00,25.25334,89.12479,39.32,144.98,204.49,35.74,21.91,76.04,1559.22,17.9,289.65,Built-up,0.5498,1
2023-10-03 00:00:00,25.51995,95.55013,43.44,116.53,221.6,58.61,30.45,100.0,1331.75,33.2,344.39,Forest,0.6043,1
2023-10-03 12:00:00,23.13005,95.95831,41.83,71.61,157.39,47.88,26.25,74.67,80.0,39.8,208.97,Forest,0.4768,1
2023-10-04 00:00:00,23.35695,90.70177,25.14,47.75,133.54,65.12,17.58,86.04,1201.89,41.57,182.9,Forest,0.5978,1
2023-10-04 12:00:00,28.80328,90.88607,16.65,54.25,76.77,31.97,21.54,85.65,743.01,31.36,153.14,Forest,0.4726,1
2023-10-05 00:00:00,22.33487,96.30618,33.4,62.37,111.82,78.27,22.36,89.15,569.16,24.01,252.46,Shrubland,0.6214,1
2023-10-05 12:00:00,23.74639,88.22772,24.77,44.27,221.04,63.28,18.24,82.22,1200.62,34.54,331.5,Forest,0.3078,1
2023-10-06 00:00:00,24.19044,92.94435,3.91,48.03,209.9,62.27,18.15,80.83,793.78,11.27,215.91,Agriculture,0.4046,0
2023-10-06 12:00:00,25.67648,92.40492,11.84,45.63,117.7,88.24,30.53,80.82,1665.04,2.86,81.82,Shrubland,0.3876,1
2023-10-07 00:00:00,26.39834,94.5562,22.28,144.93,275.19,51.92,18.11,69.53,80.0,30.24,6.33,Forest,0.4122,1
2023-10-07 12:00:00,25.69967,89.55222,58.09,87.02,185.51,50.45,28.39,82.08,1148.76,12.93,222.88,Shrubland,0.3335,1
2023-10-08 00:00:00,22.63087,94.34914,33.51,55.94,196.07,51.07,20.82,100.0,528.59,24.22,311.26,Forest,0.6312,1
2023-10-08 12:00:00,23.82751,91.57897,14.1,56.09,190.27,55.84,22.87,94.74,833.74,26.44,23.75,Forest,0.2997,1
2023-10-09 00:00:00,28.32691,93.87779,10.87,61.49,137.99,57.48,25.81,82.13,1298.01,27.98,143.13,Forest,0.3123,1
2023-10-09 12:00:00,26.78192,88.3809,66.87,120.36,234.05,49.41,20.01,89.45,373.75,36.25,338.42,Forest,0.589,1
2023-10-10 00:00:00,26.86862,92.38641,26.09,79.2,182.33,20.67,25.84,63.86,1206.75,34.98,180.6,Forest,0.478,1
2023-10-10 12:00:00,27.02652,92.96138,0.53,43.62,121.64,46.85,12.77,73.7,961.98,27.34,79.44,Built-up,0.486,1
2023-10-11 00:00:00,27.72177,90.0361,27.44,68.19,134.16,68.49,25.2,91.69,670.62,19.7,127.32,Agriculture,0.151,1
2023-10-11 12:00:00,22.43581,89.32642,49.6,114.35,339.98,66.68,10.66,99.15,794.13,26.29,146.93,Built-up,0.1231,1
2023-10-12 00:00:00,24.74956,89.79051,10.54,28.49,106.59,83.26,21.87,68.37,999.54,17.85,42.22,Forest,0.5088,1
2023-10-12 12:00:00,26.04646,91.26934,31.6,54.17,178.98,99.0,27.27,73.18,600.91,22.64,237.89,Agriculture,0.1649,1
2023-10-13 00:00:00,24.53842,88.9197,33.92,43.56,258.05,77.26,26.11,100.0,1104.61,55.0,213.18,Forest,0.3841,1
2023-10-13 12:00:00,28.33359,96.99954,11.18,29.4,142.96,86.99,16.51,80.7,919.19,27.19,233.18,Forest,0.5969,1
2023-10-14 00:00:00,25.61929,91.84744,71.07,156.38,266.43,81.86,17.15,100.0,702.67,30.4,219.88,Agriculture,0.3375,1
2023-10-14 12:00:00,27.76471,95.68521,34.37,97.21,175.64,96.32,19.56,82.71,2133.4,16.53,6.0,Forest,0.2772,1
2023-10-15 00:00:00,28.39012,97.25696,22.18,155.7,260.14,97.68,23.93,83.33,1369.91,37.24,62.81,Forest,0.412,1
2023-10-15 12:00:00,25.78594,88.76699,26.23,139.26,201.04,80.17,12.84,74.73,851.24,34.12,59.61,Agriculture,0.6004,1
2023-10-16 00:00:00,28.82164,94.19086,9.17,72.38,440.77,73.23,22.93,91.86,1194.81,34.21,35.26,Shrubland,0.3383,1
2023-10-16 12:00:00,26.40343,96.27839,8.78,55.53,78.58,54.95,24.56,96.76,432.57,27.58,264.77,Shrubland,0.0347,1
2023-10-17 00:00:00,28.37706,94.02523,20.49,63.1,132.26,59.63,21.58,63.49,816.1,37.41,43.25,Forest,0.357,1
2023-10-17 12:00:00,24.55443,92.07575,21.58,26.01,140.87,53.83,25.63,72.76,891.95,40.26,240.55,Forest,0.4095,1
2023-10-18 00:00:00,25.74113,92.09523,24.86,63.96,174.08,73.41,24.12,91.48,289.58,28.4,64.22,Built-up,0.4805,0
2023-10-18 12:00:00,25.98558,88.34104,75.37,101.44,163.13,52.64,20.29,75.82,1351.78,23.62,42.59,Forest,0.4874,1
2023-10-19 00:00:00,22.78735,93.07871,47.7,66.67,82.15,59.9,13.32,71.09,771.35,35.73,58.51,Forest,0.4922,1
2023-10-19 12:00:00,24.98914,97.43866,4.76,61.0,87.89,11.47,23.67,89.71,868.95,14.15,183.03,Forest,0.4464,1
2023-10-20 00:00:00,28.88003,97.10772,65.84,101.39,191.57,99.0,18.23,95.4,730.33,16.38,232.37,Built-up,0.1415,1
2023-10-20 12:00:00,26.73124,88.38379,20.35,64.96,75.81,56.03,20.11,71.51,3023.41,24.36,292.29,Agriculture,0.1466,1
2023-10-21 00:00:00,23.3313,94.70507,51.01,67.54,188.05,73.23,25.4,81.63,669.3,4.1,46.28,Shrubland,0.2876,1
2023-10-21 12:00:00,24.54142,90.86677,21.75,97.02,268.03,89.77,30.09,62.57,80.0,34.93,221.83,Built-up,0.0714,1
2023-10-22 00:00:00,23.43702,96.5784,32.72,61.54,196.98,67.93,22.81,65.86,80.0,13.45,278.58,Forest,0.4676,0
2023-10-22 12:00:00,22.18617,88.42859,9.89,64.0,217.93,88.07,25.77,81.14,1593.55,19.34,112.47,Agriculture,0.1932,1
2023-10-23 00:00:00,28.95595,96.8908,38.38,69.22,80.59,37.77,15.78,77.33,1968.69,22.44,28.7,Forest,0.1901,1
2023-10-23 12:00:00,25.36155,95.95602,55.17,58.61,122.23,99.0,24.23,66.41,656.83,25.47,56.14,Forest,0.5369,1
2023-10-24 00:00:00,24.30651,89.11629,5.93,63.8,97.33,80.45,22.7,69.0,1931.32,20.88,32.96,Forest,0.2158,1
2023-10-24 12:00:00,26.48858,88.56833,55.77,93.16,111.56,68.88,29.15,63.53,1582.03,24.19,319.4,Built-up,0.4094,1
2023-10-25 00:00:00,22.05486,95.92972,16.59,25.53,79.17,88.49,20.3,85.8,976.84,24.28,135.61,Built-up,0.6094,1
2023-10-25 12:00:00,24.08517,89.4797,91.94,106.64,317.69,45.66,21.79,49.74,930.71,19.64,188.41,Shrubland,0.1646,1
2023-10-26 00:00:00,27.27275,93.08153,51.68,128.48,377.85,58.43,28.29,63.76,1217.57,15.72,276.73,Forest,0.2897,1
2023-10-26 12:00:00,26.75327,96.69958,45.5,54.91,92.45,92.34,22.54,53.54,1670.35,37.98,133.74,Forest,0.2309,1
2023-10-27 00:00:00,29.36354,93.39076,26.35,54.56,136.81,23.82,17.46,82.06,1358.24,2.0,233.68,Forest,0.5769,0
2023-10-27 12:00:00,26.65268,91.77372,142.32,283.55,386.95,86.29,35.76,54.08,660.07,22.53,27.6,Forest,0.4101,1
2023-10-28 00:00:00,25.58129,92.22765,20.46,79.41,143.39,71.1,17.61,79.0,986.77,19.37,173.13,Forest,0.278,1
2023-10-28 12:00:00,27.71074,88.59961,12.11,81.7,260.89,98.84,22.68,100.0,2387.82,30.03,34.75,Agriculture,0.5126,1
2023-10-29 00:00:00,28.77496,97.20315,17.11,50.29,104.6,28.39,24.73,99.85,1263.29,7.55,89.38,Shrubland,0.2686,1
2023-10-29 12:00:00,27.40522,90.95121,62.21,70.32,117.53,97.66,24.34,54.6,1665.06,19.0,105.6,Built-up,0.148,1
2023-10-30 00:00:00,29.22408,89.79895,32.25,80.08,119.39,50.68,22.05,81.71,1450.93,23.77,258.33,Shrubland,0.2574,1
2023-10-30 12:00:00,27.86504,90.71745,28.71,44.41,108.04,52.5,22.08,63.78,1277.68,37.84,242.68,Forest,0.3292,1
2023-10-31 00:00:00,28.50101,97.16155,20.72,35.01,38.51,36.05,21.83,60.1,1170.65,28.99,268.95,Shrubland,0.0816,0
2023-10-31 12:00:00,22.85578,88.89572,27.55,71.38,137.39,39.55,17.42,75.39,1683.3,10.8,22.23,Forest,0.1413,0
2023-11-01 00:00:00,27.4931,96.23938,19.53,36.29,122.3,68.41,33.75,95.62,1567.12,19.15,357.81,Shrubland,0.0776,1
2023-11-01 12:00:00,25.30067,94.72452,48.6,88.72,178.74,41.59,21.9,85.47,1271.53,35.63,19.59,Agriculture,0.1114,1
2023-11-02 00:00:00,26.14828,95.88518,24.4,47.63,79.34,75.73,25.98,68.77,649.05,10.59,297.27,Forest,0.4509,0
2023-11-02 12:00:00,26.90577,97.27103,17.39,56.46,145.23,46.83,21.33,87.21,1350.61,24.06,266.5,Forest,0.2698,1
2023-11-03 00:00:00,29.27361,96.00047,58.65,85.37,172.8,40.78,21.23,45.63,1056.44,24.89,213.03,Agriculture,0.1753,1
2023-11-03 12:00:00,29.38434,96.96213,12.48,52.38,141.23,48.94,20.72,66.91,899.63,20.37,157.99,Shrubland,0.1389,1
2023-11-04 00:00:00,24.16171,89.20588,32.6,139.45,276.68,68.65,15.25,66.9,2841.2,55.0,272.57,Shrubland,0.3494,1
2023-11-04 12:00:00,27.50315,95.55999,3.87,74.57,105.07,52.92,22.2,78.74,99.62,20.05,266.35,Agriculture,0.3966,0
2023-11-05 00:00:00,27.62488,93.18392,8.04,44.61,109.18,59.65,20.96,75.14,1723.03,30.4,49.38,Shrubland,0.4344,1
2023-11-05 12:00:00,24.5987,93.16321,22.3,117.95,132.31,74.6,28.86,76.75,539.26,15.8,285.35,Forest,0.5685,1
2023-11-06 00:00:00,22.92902,96.53975,19.23,73.9,202.56,81.96,17.02,76.65,1185.28,31.33,28.28,Agriculture,0.5734,1
2023-11-06 12:00:00,22.3071,97.23214,19.2,110.44,145.48,54.1,20.11,78.02,2769.58,35.45,180.2,Built-up,0.1206,1
2023-11-07 00:00:00,27.83007,94.69596,52.02,62.58,214.36,43.36,18.51,84.73,474.46,17.94,232.23,Forest,0.7183,1
2023-11-07 12:00:00,25.67275,92.58791,54.17,71.11,226.5,66.02,30.21,80.39,629.48,24.34,295.81,Forest,0.2516,1
2023-11-08 00:00:00,29.39155,92.33584,37.5,84.92,154.49,71.91,18.65,74.61,1088.62,14.26,166.72,Agriculture,0.3893,1
2023-11-08 12:00:00,25.4873,91.67024,11.85,47.72,114.51,30.21,25.81,82.13,549.31,11.27,85.27,Shrubland,0.2926,0
2023-11-09 00:00:00,29.33438,91.43519,27.38,67.35,88.42,43.47,27.85,88.74,1674.64,37.44,176.64,Forest,0.1281,1
2023-11-09 12:00:00,25.08682,91.71931,100.62,161.8,242.09,55.69,22.27,70.0,752.56,18.35,90.07,Shrubland,0.6278,1
2023-11-10 00:00:00,27.95262,88.85266,133.28,181.06,317.47,69.84,16.12,77.66,1525.11,2.0,190.34,Agriculture,0.6154,1
2023-11-10 12:00:00,22.63614,88.73564,59.05,134.51,231.5,49.86,16.18,93.76,236.03,46.18,166.5,Shrubland,0.2765,1
2023-11-11 00:00:00,26.16596,95.40876,12.3,86.34,279.95,73.62,27.3,63.24,80.0,15.37,280.98,Forest,0.8044,1
2023-11-11 12:00:00,28.01545,92.23769,27.57,45.25,104.06,29.21,16.7,100.0,951.16,22.04,86.43,Forest,0.3863,1
2023-11-12 00:00:00,28.93526,96.8415,35.69,39.3,98.04,30.69,24.96,57.79,80.47,44.69,71.99,Forest,0.5005,1
2023-11-12 12:00:00,28.16937,93.8161,31.79,48.44,85.64,55.14,23.57,72.92,2086.87,23.3,170.71,Built-up,0.3631,1
2023-11-13 00:00:00,22.27728,88.33417,63.36,79.02,358.73,62.09,24.89,64.8,105.63,23.04,18.18,Shrubland,0.4941,0
2023-11-13 12:00:00,24.79527,89.49647,50.42,92.72,113.59,34.96,25.36,100.0,425.5,10.26,82.56,Forest,0.5845,1
2023-11-14 00:00:00,22.36524,89.95529,11.68,53.56,183.33,47.27,18.33,70.32,1368.85,5.38,127.33,Built-up,0.5771,1
2023-11-14 12:00:00,22.81962,97.26949,17.76,51.96,190.3,52.11,18.12,70.59,718.86,23.0,175.55,Forest,0.338,1
2023-11-15 00:00:00,27.06479,90.07769,58.88,115.07,249.42,57.2,26.57,72.67,113.05,29.35,97.0,Shrubland,0.2469,1
2023-11-15 12:00:00,27.34944,92.89968,77.05,260.01,300.0,70.28,19.85,79.85,2425.98,28.67,201.83,Forest,0.9154,1
2023-11-16 00:00:00,27.80291,96.89368,36.02,69.63,139.17,49.09,9.25,72.86,448.94,19.22,316.23,Agriculture,0.6071,1
2023-11-16 12:00:00,28.49092,97.28333,83.52,132.41,249.6,97.58,26.24,78.02,972.43,25.24,195.74,Agriculture,0.8039,1
2023-11-17 00:00:00,27.54574,90.24542,33.03,73.0,120.93,71.73,17.82,35.0,964.02,2.95,103.26,Agriculture,0.0513,1
2023-11-17 12:00:00,28.00654,88.46662,13.71,38.47,100.68,43.5,25.34,77.98,1561.7,30.52,22.31,Forest,0.3767,1
2023-11-18 00:00:00,22.36723,89.45922,47.24,108.82,157.45,65.56,29.96,78.53,1400.53,26.94,49.2,Forest,0.3282,1
2023-11-18 12:00:00,23.75901,88.60162,172.05,204.36,288.76,81.13,23.08,93.6,562.58,48.68,202.04,Forest,0.6927,1
2023-11-19 00:00:00,26.66423,89.85368,9.24,29.71,110.06,83.4,27.98,97.5,888.21,25.09,246.14,Built-up,0.4203,1
2023-11-19 12:00:00,28.43594,93.40141,81.42,103.26,319.91,55.76,23.77,75.16,952.5,13.69,17.88,Forest,0.4643,1
2023-11-20 00:00:00,22.03375,96.66826,45.36,122.7,241.68,78.79,30.94,90.37,1586.82,24.39,66.8,Shrubland,0.3211,1
2023-11-20 12:00:00,25.85972,93.10358,16.85,77.35,103.33,60.86,17.69,62.62,340.59,21.07,114.87,Agriculture,0.3145,0
2023-11-21 00:00:00,27.07966,93.9469,4.0,31.11,59.12,88.31,22.96,90.16,2411.77,30.22,115.12,Forest,0.2335,0
2023-11-21 12:00:00,22.22205,89.91774,2.24,57.77,189.13,84.09,26.37,71.19,606.53,25.32,345.03,Forest,0.2686,1
2023-11-22 00:00:00,25.01017,95.60554,19.17,59.5,139.21,64.24,22.05,61.63,1094.31,9.88,73.36,Forest,0.4216,1
2023-11-22 12:00:00,28.71726,93.86899,40.19,89.7,358.7,57.58,28.76,75.28,346.01,5.37,22.51,Shrubland,0.4236,1
2023-11-23 00:00:00,27.0371,96.2093,55.93,80.15,348.65,74.84,20.84,98.35,256.2,28.15,127.09,Built-up,0.2401,1
2023-11-23 12:00:00,23.78244,97.01401,65.09,81.21,118.23,62.2,33.35,80.64,531.62,41.6,48.4,Forest,0.7876,1
2023-11-24 00:00:00,28.39586,91.30506,37.62,69.78,167.85,96.12,33.61,100.0,469.16,25.95,45.57,Built-up,0.3492,1
2023-11-24 12:00:00,24.61024,88.8605,33.41,52.19,80.53,63.58,24.41,67.7,830.73,34.76,146.68,Forest,0.1474,1
2023-11-25 00:00:00,28.40009,90.14633,22.92,40.47,170.3,52.64,25.76,92.3,463.67,37.15,110.3,Forest,0.6225,1
2023-11-25 12:00:00,24.24208,92.15949,40.9,52.11,289.31,53.72,28.96,68.56,1552.11,28.2,33.02,Built-up,0.4798,1
2023-11-26 00:00:00,26.4274,96.98409,17.08,20.73,109.17,35.79,17.06,79.94,591.06,15.23,217.55,Agriculture,0.4427,0
2023-11-26 12:00:00,24.97705,91.59394,9.75,37.27,94.44,70.3,16.44,81.55,519.02,27.34,180.61,Forest,0.4069,1
2023-11-27 00:00:00,24.06119,95.32235,31.86,119.31,224.65,45.42,29.28,86.53,844.57,39.48,27.76,Agriculture,0.3171,1
2023-11-27 12:00:00,28.64918,93.13453,52.98,126.03,274.59,86.32,24.37,82.83,1745.35,31.36,310.59,Agriculture,0.2488,1
2023-11-28 00:00:00,23.40695,89.73668,7.75,125.43,274.67,33.07,21.87,66.3,1239.67,33.98,102.5,Agriculture,0.5929,1
2023-11-28 12:00:00,22.63609,91.04697,19.17,36.04,93.71,62.85,23.06,90.47,1035.2,19.45,346.1,Shrubland,0.2023,0
2023-11-29 00:00:00,24.56445,94.20532,30.97,95.39,142.34,84.72,11.07,100.0,168.52,22.57,335.35,Forest,0.4576,1
2023-11-29 12:00:00,27.38229,94.39211,30.47,66.9,161.22,18.61,22.05,67.76,357.24,23.58,156.27,Forest,0.4672,1
2023-11-30 00:00:00,28.05574,92.13022,44.5,66.37,127.14,99.0,19.23,54.26,269.03,24.38,82.28,Shrubland,0.3159,1
2023-11-30 12:00:00,29.49058,90.17213,98.73,179.43,358.66,61.34,27.59,85.06,1949.45,39.02,300.55,Shrubland,0.406,1
2023-12-01 00:00:00,24.22272,94.85811,2.27,38.99,99.19,61.09,27.98,73.42,1444.87,2.0,130.06,Forest,0.707,0
2023-12-01 12:00:00,25.05956,89.60429,101.67,108.65,192.44,81.63,25.88,77.25,539.95,25.37,58.88,Forest,0.2431,1
2023-12-02 00:00:00,23.02616,96.89836,95.83,168.33,271.82,84.02,24.98,86.99,733.16,24.05,198.58,Forest,0.281,1
2023-12-02 12:00:00,26.31154,89.78508,56.58,109.39,131.03,70.27,15.51,72.12,563.56,8.54,176.18,Shrubland,0.2579,1
2023-12-03 00:00:00,29.48185,89.01947,35.52,79.65,129.94,82.21,25.95,75.35,524.19,33.06,306.01,Forest,0.1488,1
2023-12-03 12:00:00,27.25661,92.72765,17.38,31.27,292.58,70.47,26.15,77.12,1399.2,16.31,262.54,Forest,0.4288,1
2023-12-04 00:00:00,26.4641,92.93572,56.1,104.16,248.48,99.0,29.23,100.0,913.1,20.72,315.41,Forest,0.3997,1
2023-12-04 12:00:00,24.94277,92.82783,36.9,143.95,203.52,72.87,33.59,79.06,2452.76,47.19,264.49,Agriculture,0.4964,1
2023-12-05 00:00:00,28.86474,92.14834,23.33,75.07,205.27,99.0,14.54,62.65,1912.73,37.12,231.18,Shrubland,0.5425,1
2023-12-05 12:00:00,25.72687,97.45074,55.09,64.68,241.95,82.63,21.06,62.39,1951.16,31.89,180.06,Forest,0.2998,1
2023-12-06 00:00:00,23.00775,92.61967,61.85,116.5,183.56,29.31,19.29,78.41,1536.38,29.57,355.52,Forest,0.3361,1
2023-12-06 12:00:00,24.74034,92.54049,76.65,128.79,268.45,99.0,23.86,64.14,825.27,23.02,345.3,Forest,0.4023,1
2023-12-07 00:00:00,22.50375,92.00678,15.72,83.88,210.28,48.4,23.07,55.55,1488.56,48.99,305.59,Shrubland,0.5507,1
2023-12-07 12:00:00,23.51484,88.63484,70.05,121.14,149.92,96.32,21.83,88.71,873.26,34.63,279.11,Shrubland,0.1602,0
2023-12-08 00:00:00,22.13252,93.63309,23.69,41.29,108.64,61.38,28.14,87.65,2159.68,16.01,207.92,Shrubland,0.3486,1
2023-12-08 12:00:00,25.3996,90.16569,35.59,77.95,298.37,83.49,17.49,74.02,1362.78,8.2,93.51,Agriculture,0.0847,1
2023-12-09 00:00:00,26.75905,94.05729,40.93,73.54,330.01,49.14,17.79,81.57,1270.53,31.8,315.16,Forest,0.1514,1
2023-12-09 12:00:00,24.57469,88.48292,66.2,112.43,257.57,78.46,17.88,81.56,1182.6,24.33,3.89,Forest,0.1775,1
2023-12-10 00:00:00,25.15286,97.32318,51.18,133.92,182.82,59.08,21.2,86.39,2231.17,7.85,81.88,Forest,0.4331,1
2023-12-10 12:00:00,29.19407,92.45555,23.0,46.17,53.85,92.34,16.86,88.08,168.06,30.14,145.34,Shrubland,0.1662,1
2023-12-11 00:00:00,27.63972,96.51918,2.74,132.38,175.94,67.1,22.76,41.87,2294.89,21.77,211.02,Forest,0.2213,1
2023-12-11 12:00:00,26.05642,92.51783,44.12,98.5,123.72,82.01,22.17,75.73,979.0,31.37,201.92,Agriculture,0.1811,1
2023-12-12 00:00:00,24.13406,88.57314,34.49,107.28,338.46,18.86,19.07,83.19,186.0,30.3,63.29,Forest,0.4559,1
2023-12-12 12:00:00,28.72748,95.81103,9.12,75.22,89.2,57.38,27.37,72.12,611.06,17.7,37.73,Shrubland,0.5386,1
2023-12-13 00:00:00,23.76323,94.15775,37.65,90.46,119.99,70.73,22.7,79.04,80.0,32.59,80.04,Forest,0.468,1
2023-12-13 12:00:00,24.44007,95.42669,30.66,90.69,183.6,66.15,28.31,88.82,1524.88,19.03,125.54,Forest,0.2383,1
2023-12-14 00:00:00,28.81799,92.06761,76.14,76.5,155.8,86.36,22.02,80.45,425.11,19.81,5.06,Agriculture,0.0691,1
2023-12-14 12:00:00,25.97157,94.0604,106.29,172.31,385.61,63.44,22.88,99.28,1209.63,18.61,249.28,Forest,0.0964,1
2023-12-15 00:00:00,27.56738,96.13418,60.79,79.67,200.7,66.27,20.19,94.09,1837.24,38.57,89.18,Forest,0.5094,1
2023-12-15 12:00:00,26.43059,93.99512,29.29,67.73,138.92,85.14,22.96,77.6,663.19,21.63,126.51,Forest,0.2239,1
2023-12-16 00:00:00,26.90079,91.3029,32.85,85.4,266.83,16.37,26.56,73.05,925.73,41.47,120.56,Agriculture,0.497,1
2023-12-16 12:00:00,24.24537,94.29403,15.22,100.5,158.73,71.61,20.94,38.68,252.81,46.4,184.26,Forest,0.754,1
2023-12-17 00:00:00,23.81029,94.38261,17.94,36.82,261.61,53.47,25.59,73.1,847.57,16.14,309.53,Built-up,0.6368,1
2023-12-17 12:00:00,24.41869,97.12558,27.96,56.05,94.7,43.11,18.94,58.21,2773.12,2.0,53.78,Built-up,0.2507,1
2023-12-18 00:00:00,23.16581,91.52367,25.68,56.96,134.09,67.81,26.8,81.49,1605.66,37.53,122.66,Agriculture,0.5497,1
2023-12-18 12:00:00,28.55736,92.03828,8.58,55.23,64.54,83.58,20.1,81.32,927.93,20.9,249.13,Forest,0.3412,1
2023-12-19 00:00:00,24.12435,95.71517,76.67,109.52,259.8,87.98,27.26,89.14,702.4,14.61,15.92,Agriculture,0.1162,1
2023-12-19 12:00:00,26.21117,92.80474,84.01,144.23,233.35,65.38,23.3,97.82,1072.29,17.94,298.79,Forest,0.6604,1
2023-12-20 00:00:00,27.93981,94.99744,75.01,82.3,307.49,84.52,30.6,78.86,1184.53,20.02,346.26,Agriculture,0.5509,1
2023-12-20 12:00:00,27.87868,92.36724,85.93,122.06,187.53,85.67,17.23,100.0,827.6,40.57,218.75,Shrubland,0.1862,1
2023-12-21 00:00:00,25.2879,90.0472,126.87,241.0,262.32,71.48,15.62,81.83,1444.54,26.92,344.34,Forest,0.4331,1
2023-12-21 12:00:00,25.57193,95.07944,15.48,48.4,158.77,46.0,19.92,58.96,480.26,40.4,148.7,Forest,0.2992,1
2023-12-22 00:00:00,29.46026,89.24597,123.31,177.85,229.37,60.09,16.08,70.14,477.05,30.93,149.41,Agriculture,0.5531,1
2023-12-22 12:00:00,27.05948,89.88654,22.89,99.35,235.22,77.5,16.09,73.66,1340.63,21.29,38.25,Agriculture,0.2332,1
2023-12-23 00:00:00,28.10979,93.95484,48.99,102.25,141.62,63.04,26.11,86.44,340.38,20.32,12.76,Shrubland,0.577,1
2023-12-23 12:00:00,28.76915,95.09906,6.49,143.8,342.98,37.86,22.98,63.63,1573.86,31.74,88.02,Shrubland,0.5016,1
2023-12-24 00:00:00,27.90692,96.49953,20.48,63.59,147.35,26.76,20.6,72.17,1090.72,34.85,172.13,Agriculture,0.3805,1
2023-12-24 12:00:00,23.38885,90.58957,62.0,124.37,195.77,82.08,21.07,76.85,80.0,36.96,182.77,Agriculture,0.4719,0
2023-12-25 00:00:00,26.21628,89.05188,50.68,98.77,289.21,53.15,20.01,71.38,1171.17,21.86,78.33,Agriculture,0.0802,1
2023-12-25 12:00:00,22.76421,97.08244,22.52,121.63,273.43,67.31,31.25,89.73,80.0,27.1,220.61,Forest,0.3104,1
2023-12-26 00:00:00,26.89692,89.46702,32.84,62.06,106.28,86.74,19.32,88.32,1550.69,32.01,65.23,Shrubland,0.4412,1
2023-12-26 12:00:00,29.16512,89.87784,18.66,163.28,312.11,34.06,16.39,93.03,938.34,20.39,117.44,Agriculture,0.5418,1
2023-12-27 00:00:00,25.84549,90.76763,61.88,85.54,214.02,64.52,26.98,73.59,2303.2,11.38,70.46,Forest,0.6704,1
2023-12-27 12:00:00,25.24729,93.02922,80.15,201.57,276.08,64.2,21.92,95.05,1796.35,15.32,250.8,Forest,0.142,1
2023-12-28 00:00:00,22.26882,96.38684,15.55,32.5,173.24,67.46,33.19,59.28,410.55,22.11,185.97,Forest,0.3492,1
2023-12-28 12:00:00,29.19831,95.22519,30.31,94.1,292.7,86.42,20.37,59.88,80.0,32.95,265.0,Forest,0.2084,0
2023-12-29 00:00:00,22.77252,94.7275,8.21,48.54,124.74,32.4,27.23,59.63,609.18,40.11,20.61,Agriculture,0.0743,1
2023-12-29 12:00:00,22.30809,89.66422,36.8,112.18,188.57,73.81,28.41,78.82,306.18,8.73,153.13,Forest,0.4357,1
2023-12-30 00:00:00,23.8455,91.39798,45.35,100.85,174.12,84.07,20.39,96.04,2286.73,17.83,348.11,Shrubland,0.1443,1
2023-12-30 12:00:00,22.49148,92.54485,39.09,111.67,154.38,58.96,19.29,69.52,1093.3,20.71,19.3,Forest,0.4354,1
2023-12-31 00:00:00,25.41338,89.40055,42.79,59.22,134.82,60.39,26.71,71.35,1706.72,34.54,150.62,Agriculture,0.2343,1
2023-12-31 12:00:00,25.87066,90.59758,27.83,36.64,105.99,69.71,25.87,75.46,914.73,18.66,14.54,Agriculture,0.4,1
2024-01-01 00:00:00,24.34427,90.92917,28.36,42.4,108.67,68.3,15.95,86.43,983.22,19.84,52.8,Shrubland,0.4689,1
2024-01-01 12:00:00,22.3822,89.20912,27.32,41.02,106.52,72.93,17.36,71.96,1078.79,8.06,166.51,Agriculture,0.2782,0
2024-01-02 00:00:00,22.837,93.22728,19.95,36.19,65.65,71.62,10.32,71.11,1819.25,30.8,56.7,Forest,0.2398,1
2024-01-02 12:00:00,24.88378,94.69777,22.13,47.15,209.38,41.02,25.98,58.22,1302.56,23.06,186.75,Agriculture,0.4788,1
2024-01-03 00:00:00,22.45396,88.66435,43.86,68.7,118.92,83.07,21.69,71.15,412.73,17.15,332.18,Agriculture,0.0853,1
2024-01-03 12:00:00,27.23642,92.57067,76.73,117.79,323.81,90.54,22.19,96.01,2154.63,21.89,72.15,Forest,0.2217,1
2024-01-04 00:00:00,23.55265,95.43101,13.11,33.21,68.76,63.29,14.54,79.44,909.67,38.52,38.59,Built-up,0.226,1
2024-01-04 12:00:00,24.26554,95.10591,28.27,49.8,287.22,31.51,17.51,66.22,803.91,12.94,297.1,Forest,0.1649,1
2024-01-05 00:00:00,24.95594,95.74319,10.56,45.06,105.56,56.97,20.61,95.15,80.0,14.9,165.7,Shrubland,0.0616,0
2024-01-05 12:00:00,25.12457,92.25829,20.27,102.85,252.91,64.32,19.64,70.02,1512.36,40.03,317.74,Forest,0.5101,1
2024-01-06 00:00:00,22.01246,95.79529,23.24,52.06,140.54,37.9,23.59,96.77,1165.66,25.91,110.2,Agriculture,0.5072,1
2024-01-06 12:00:00,22.84053,90.28715,34.87,73.89,99.66,54.98,25.92,97.4,1164.95,33.04,225.91,Forest,0.4178,1
2024-01-07 00:00:00,28.47073,91.4277,34.14,78.12,105.22,33.91,34.35,77.48,838.16,29.82,332.39,Forest,0.1624,1
2024-01-07 12:00:00,22.00925,89.67538,30.1,48.1,94.91,73.76,22.9,57.71,726.11,24.58,61.81,Shrubland,0.1783,1
2024-01-08 00:00:00,25.81126,92.4411,41.29,72.42,130.23,66.27,28.58,100.0,859.77,20.82,288.26,Built-up,0.4281,1
2024-01-08 12:00:00,25.67127,91.72457,14.33,37.36,115.39,26.8,18.85,81.76,1401.05,34.98,227.35,Forest,0.4841,1
2024-01-09 00:00:00,24.49821,90.28881,35.09,112.38,215.15,69.24,14.63,73.93,1515.43,38.95,292.66,Shrubland,0.5307,1
2024-01-09 12:00:00,25.23495,95.14192,51.71,124.67,195.17,63.07,21.24,91.54,949.83,38.01,61.45,Shrubland,0.5466,1
2024-01-10 00:00:00,27.85436,90.98154,14.16,35.24,134.1,70.03,15.01,88.33,1716.81,10.77,156.27,Agriculture,0.6915,1
2024-01-10 12:00:00,28.30903,90.59164,5.12,43.57,154.27,50.78,23.07,95.89,1048.67,40.66,46.38,Forest,0.2919,1
2024-01-11 00:00:00,23.95261,89.24346,61.54,123.94,192.04,49.36,19.1,68.19,772.25,20.7,345.63,Shrubland,0.3572,1
2024-01-11 12:00:00,24.41868,92.16881,10.91,62.11,189.14,43.89,13.23,81.65,1228.97,15.94,22.57,Built-up,0.1696,0
2024-01-12 00:00:00,23.81862,90.87816,19.42,74.68,221.77,49.57,31.68,60.88,216.4,22.97,23.57,Forest,0.3,1
2024-01-12 12:00:00,25.59898,91.50809,50.67,68.77,181.5,64.46,20.31,87.55,1251.27,34.97,323.34,Forest,0.4066,1
2024-01-13 00:00:00,27.12444,90.24197,13.5,131.99,249.27,62.58,14.81,77.81,97.58,31.49,108.27,Agriculture,0.2383,1
2024-01-13 12:00:00,23.7119,95.24998,58.64,83.25,175.84,61.22,27.49,82.0,431.98,21.94,214.93,Forest,0.2578,1
2024-01-14 00:00:00,24.48052,96.83503,17.05,41.08,212.91,51.58,19.36,75.53,80.0,35.05,103.49,Forest,0.4912,1
2024-01-14 12:00:00,28.97788,92.73035,15.22,27.68,107.07,52.8,28.45,74.13,986.17,26.68,233.55,Forest,0.2497,0
2024-01-15 00:00:00,22.36427,94.10849,10.61,46.3,93.82,99.0,19.33,67.79,2146.26,18.12,69.29,Agriculture,0.4736,1
2024-01-15 12:00:00,25.45577,96.23814,17.18,105.77,186.95,44.65,20.3,88.3,1023.9,16.5,165.19,Built-up,0.4424,0
2024-01-16 00:00:00,27.33669,97.48888,45.95,96.78,122.98,52.35,24.72,98.47,1518.33,29.92,192.06,Shrubland,0.3676,0
2024-01-16 12:00:00,23.12841,93.82841,19.43,57.31,80.57,99.0,25.97,72.16,2629.0,24.01,120.11,Shrubland,0.2584,1
2024-01-17 00:00:00,22.35531,96.4529,61.71,131.03,278.61,73.83,26.84,86.44,1362.64,8.49,90.61,Forest,0.1849,1
2024-01-17 12:00:00,23.03654,96.63178,31.05,118.15,326.39,34.13,22.55,82.76,602.61,35.17,50.47,Forest,0.3822,1
2024-01-18 00:00:00,28.89117,95.51879,33.17,106.02,168.02,78.83,25.64,79.06,692.08,19.24,254.21,Forest,0.4696,1
2024-01-18 12:00:00,22.06945,92.37885,14.8,21.07,169.61,41.57,26.73,55.71,1100.43,44.11,60.58,Forest,0.2539,1
2024-01-19 00:00:00,23.41241,88.77096,68.04,137.77,149.92,84.35,24.0,60.99,688.62,8.16,105.17,Forest,0.4947,1
2024-01-19 12:00:00,22.23463,88.15015,52.01,108.84,221.81,60.02,22.29,67.07,737.24,22.83,121.29,Agriculture,0.5604,1
2024-01-20 00:00:00,22.82972,92.53341,50.98,71.66,151.3,55.32,15.77,47.82,1740.42,16.6,163.57,Forest,0.5807,1
2024-01-20 12:00:00,26.65112,92.69599,26.58,83.58,314.44,93.37,26.0,99.38,1767.0,13.29,252.92,Forest,0.8803,0
2024-01-21 00:00:00,23.81229,91.86994,9.33,98.04,169.5,70.45,23.21,83.67,80.0,19.16,154.06,Forest,0.3538,1
2024-01-21 12:00:00,26.26909,93.39759,34.52,60.05,93.29,81.6,20.93,78.66,568.19,46.25,313.59,Forest,0.4402,1
2024-01-22 00:00:00,26.42647,93.24555,44.56,121.02,141.22,72.05,29.39,47.94,798.4,26.72,244.72,Forest,0.3637,1
2024-01-22 12:00:00,28.37076,95.94782,44.88,96.53,177.65,54.5,15.86,52.19,1489.41,15.5,301.86,Forest,0.2123,1
2024-01-23 00:00:00,22.03556,89.03224,40.65,41.68,134.14,75.11,31.22,78.72,1843.0,3.06,257.89,Forest,0.3256,1
2024-01-23 12:00:00,28.40027,90.13919,39.44,79.48,147.64,86.92,22.89,100.0,2856.28,4.34,53.51,Shrubland,0.0434,1
2024-01-24 00:00:00,26.64339,95.53355,16.97,67.14,217.94,62.73,24.59,68.36,797.31,18.56,352.05,Agriculture,0.5325,1
2024-01-24 12:00:00,23.22058,96.05445,17.72,49.84,243.39,96.16,21.02,91.9,829.78,17.4,283.17,Agriculture,0.2159,1
2024-01-25 00:00:00,27.79703,97.45083,10.72,63.77,125.25,76.3,14.66,72.1,1482.57,22.31,206.18,Agriculture,0.3606,1
2024-01-25 12:00:00,28.41619,96.29266,62.2,99.03,113.8,69.7,22.3,79.26,656.56,2.0,59.48,Shrubland,0.1629,1
2024-01-26 00:00:00,23.90698,96.45404,103.13,267.11,366.38,75.41,24.67,95.78,1008.37,23.9,62.17,Built-up,0.3437,1
2024-01-26 12:00:00,28.89095,90.98631,169.99,200.34,374.48,81.14,26.38,74.21,830.23,37.33,221.16,Shrubland,0.3182,1
2024-01-27 00:00:00,25.40843,91.81579,36.33,57.53,119.22,37.33,22.01,67.21,80.0,44.47,149.83,Shrubland,0.3817,1
2024-01-27 12:00:00,26.52568,90.54681,39.51,113.32,230.59,60.94,12.04,97.9,1180.1,2.27,243.31,Forest,0.2218,1
2024-01-28 00:00:00,29.38487,93.75984,27.43,60.96,92.04,65.72,15.29,78.92,981.47,15.38,134.07,Forest,0.184,1
2024-01-28 12:00:00,24.71152,96.91865,35.91,74.28,171.83,53.99,33.26,92.98,1926.3,14.75,184.62,Forest,0.5574,1
2024-01-29 00:00:00,28.0987,91.27409,13.45,49.34,168.11,66.37,17.54,68.72,1103.57,26.75,67.66,Forest,0.2214,0
2024-01-29 12:00:00,24.38799,93.29152,26.99,98.0,197.53,61.67,30.14,97.78,284.41,10.36,55.87,Agriculture,0.3503,1
2024-01-30 00:00:00,27.9941,90.81485,15.33,31.46,302.49,75.31,18.33,82.6,932.24,45.19,27.23,Forest,0.5992,1
2024-01-30 12:00:00,26.5055,89.6131,24.28,100.64,307.21,74.18,22.09,84.8,80.0,25.52,295.07,Agriculture,0.5601,1
2024-01-31 00:00:00,23.62267,89.85426,16.52,76.72,209.06,63.33,26.13,80.01,312.9,23.52,199.94,Agriculture,0.3551,1
2024-01-31 12:00:00,25.1052,88.55048,44.58,174.49,337.79,36.01,18.9,69.72,1513.08,44.11,340.97,Shrubland,0.193,1
2024-02-01 00:00:00,24.38227,97.01829,48.63,95.96,193.02,99.0,30.96,79.93,939.23,24.81,269.82,Forest,0.632,1
2024-02-01 12:00:00,22.58581,91.82736,38.63,55.87,132.9,59.8,23.38,71.79,1699.63,29.8,276.75,Forest,0.3214,1
2024-02-02 00:00:00,22.22376,95.92415,17.78,65.5,122.12,58.52,25.3,91.36,80.0,15.99,183.26,Forest,0.0955,0
2024-02-02 12:00:00,24.59859,94.47263,9.99,62.15,92.63,52.35,21.66,74.77,942.4,8.55,293.56,Built-up,0.3852,1
2024-02-03 00:00:00,22.14276,89.82325,49.02,142.97,355.87,54.11,26.29,56.75,790.92,17.68,339.14,Agriculture,0.4021,1
2024-02-03 12:00:00,23.24116,89.66689,30.92,48.12,326.05,92.59,30.89,56.12,1721.3,51.24,259.83,Agriculture,0.6003,1
2024-02-04 00:00:00,27.43887,95.71389,4.86,14.47,97.05,86.3,22.34,55.14,1537.3,32.6,38.01,Shrubland,0.1453,0
2024-02-04 12:00:00,27.31068,90.51476,34.31,82.77,166.4,71.0,31.65,87.2,1517.46,28.29,234.37,Agriculture,0.2999,1
